ID,Tracker,Status,Priority,Subject,Category,Estimated time,Description,Caratteristica di riferimento,,Assegnatario,Tempo Effettivo,Hash Commit
M1,To-Do,New,Normal,"java:S1168:  ""Return an empty array instead of null.""",MAJOR,30min,Key: AYfl9rsld9SEFTPV56D1 Path: org.apache.commons_commons-compress:src/main/java/org/apache/commons/compress/archivers/dump/TapeInputStream.java - startLine: 102;startOffset: 23;endOffset: 27;endLine: 102,Maintenance (Code Smells),,Matteo Razionale,0h5m,32115c3c8f74b0aa070a6c78dfdf3e530cadeaf0
M2,To-Do,New,Normal,"java:S1168:  ""Return an empty array instead of null.""",MAJOR,30min,Key: AYfl9rnYd9SEFTPV56BV Path: org.apache.commons_commons-compress:src/main/java/org/apache/commons/compress/archivers/sevenz/AES256SHA256Decoder.java - startLine: 76;startOffset: 19;endOffset: 23;endLine: 76,Maintenance (Code Smells),,Matteo Razionale,rejected,
M3,To-Do,New,Normal,"java:S1171:  ""Move the contents of this initializer to a standard constructor or to field initializers.""",MAJOR,30min,Key: AYfl9rmAd9SEFTPV55_x Path: org.apache.commons_commons-compress:src/main/java/org/apache/commons/compress/archivers/sevenz/Coders.java - startLine: 222;startOffset: 8;endOffset: 9;endLine: 222,Maintenance (Code Smells),,Matteo Razionale,0h5m,f41fa5cc1ed3447dcb661f8de2ad72708628f6b8
M4,To-Do,New,Normal,"java:S1168:  ""Return an empty array instead of null.""",MAJOR,30min,Key: AYfl9rvQd9SEFTPV56Et Path: org.apache.commons_commons-compress:src/main/java/org/apache/commons/compress/archivers/tar/TarArchiveInputStream.java - startLine: 746;startOffset: 19;endOffset: 23;endLine: 746,Maintenance (Code Smells),,Matteo Razionale,rejected,
M5,To-Do,New,Normal,"java:S1168:  ""Return an empty array instead of null.""",MAJOR,30min,Key: AYfl9ru-d9SEFTPV56Eb Path: org.apache.commons_commons-compress:src/main/java/org/apache/commons/compress/archivers/tar/TarFile.java - startLine: 437;startOffset: 19;endOffset: 23;endLine: 437,Maintenance (Code Smells),,Matteo Razionale,0h5m,dd2ae22ba12a21706fe7f72c88a94ed841f0729a
M6,To-Do,New,Normal,"java:S1119:  ""Refactor the code to remove this label and the need for it.""",MAJOR,30min,Key: AYfl9rqfd9SEFTPV56CW Path: org.apache.commons_commons-compress:src/main/java/org/apache/commons/compress/archivers/zip/ExtraFieldUtils.java - startLine: 335;startOffset: 8;endOffset: 12;endLine: 335,Maintenance (Code Smells),,Matteo Razionale,0h5m,640241102065eb5a9bc52c6d6ebcc7146c9f1bd0
M7,To-Do,New,Normal,"java:S1168:  ""Return an empty array instead of null.""",MAJOR,30min,Key: AYfl9rsMd9SEFTPV56Dr Path: org.apache.commons_commons-compress:src/main/java/org/apache/commons/compress/archivers/zip/X7875_NewUnix.java - startLine: 76;startOffset: 19;endOffset: 23;endLine: 76,Maintenance (Code Smells),,Matteo Razionale,rejected,
M8,To-Do,New,Normal,"java:S1168:  ""Return an empty array instead of null.""",MAJOR,30min,Key: AYfl9rrSd9SEFTPV56Cx Path: org.apache.commons_commons-compress:src/main/java/org/apache/commons/compress/archivers/zip/ZipArchiveEntry.java - startLine: 838;startOffset: 15;endOffset: 19;endLine: 838,Maintenance (Code Smells),,Matteo Razionale,0h5m,656e2e3681f2604f62beb3b2db541cda92eebcc8
M9,To-Do,New,Normal,"java:S1168:  ""Return an empty array instead of null.""",MAJOR,30min,Key: AYfl9rowd9SEFTPV56B8 Path: org.apache.commons_commons-compress:src/main/java/org/apache/commons/compress/archivers/zip/ZipUtil.java - startLine: 169;startOffset: 15;endOffset: 19;endLine: 169,Maintenance (Code Smells),,Matteo Razionale,0h5m,644e1b4231adb8ecbee9d6b67f1efdb264dfa011
M10,To-Do,New,Normal,"java:S1168:  ""Return an empty array instead of null.""",MAJOR,30min,Key: AYfl9rcjd9SEFTPV55yG Path: org.apache.commons_commons-compress:src/main/java/org/apache/commons/compress/harmony/unpack200/bytecode/CodeAttribute.java - startLine: 131;startOffset: 15;endOffset: 19;endLine: 131,Maintenance (Code Smells),,Matteo Razionale,0h5m,c3fb1fbc24b5475d4f4887b1acf07b713ebe80a6
M11,To-Do,New,Normal,"java:S1168:  ""Return an empty array instead of null.""",MAJOR,30min,Key: AYfl9rh8d9SEFTPV555q Path: org.apache.commons_commons-compress:src/main/java/org/apache/commons/compress/harmony/pack200/CodecEncoding.java - startLine: 296;startOffset: 15;endOffset: 19;endLine: 296,Maintenance (Code Smells),,Matteo Razionale,0h5m,54363345274829cd3f315e5ec2b95265fcaf4ef2
M12,To-Do,New,Normal,"java:S1168:  ""Return an empty array instead of null.""",MAJOR,30min,Key: AYfl9rd3d9SEFTPV55y6 Path: org.apache.commons_commons-compress:src/main/java/org/apache/commons/compress/harmony/unpack200/bytecode/NewAttribute.java - startLine: 149;startOffset: 15;endOffset: 19;endLine: 149,Maintenance (Code Smells),,Matteo Razionale,0h5m,9b982d5cde7f3df13be9458f91fa275aae83afae
M13,To-Do,New,Normal,"java:S1168:  ""Return an empty array instead of null.""",MAJOR,30min,Key: AYfl9rlGd9SEFTPV55_g Path: org.apache.commons_commons-compress:src/main/java/org/apache/commons/compress/archivers/arj/ArjArchiveInputStream.java - startLine: 213;startOffset: 23;endOffset: 27;endLine: 213,Maintenance (Code Smells),,Matteo Razionale,0h5m,0eae33e9ad1b1e7d34c06264a91ef994ace76114
M14,To-Do,New,Normal,"java:S1119:  ""Refactor the code to remove this label and the need for it.""",MAJOR,30min,Key: AYfl9rT3d9SEFTPV55rc Path: org.apache.commons_commons-compress:src/main/java/org/apache/commons/compress/compressors/bzip2/BlockSort.java - startLine: 752;startOffset: 8;endOffset: 10;endLine: 752,Maintenance (Code Smells),,Matteo Razionale,0h5m,b1e502744f0e86cdf1e399222ca215b453082026
M15,To-Do,New,Normal,"java:S1119:  ""Refactor the code to remove this label and the need for it.""",MAJOR,30min,Key: AYfl9rT3d9SEFTPV55re Path: org.apache.commons_commons-compress:src/main/java/org/apache/commons/compress/compressors/bzip2/BlockSort.java - startLine: 776;startOffset: 20;endOffset: 26;endLine: 776,Maintenance (Code Smells),,Matteo Razionale,rejected,
M16,To-Do,New,Normal,"java:S1119:  ""Refactor the code to remove this label and the need for it.""",MAJOR,30min,Key: AYfl9rT3d9SEFTPV55rf Path: org.apache.commons_commons-compress:src/main/java/org/apache/commons/compress/compressors/bzip2/BlockSort.java - startLine: 799;startOffset: 48;endOffset: 49;endLine: 799,Maintenance (Code Smells),,Matteo Razionale,rejected,
M17,To-Do,New,Normal,"java:S1168:  ""Return an empty array instead of null.""",MAJOR,30min,Key: AYfl9rv3d9SEFTPV56FG Path: org.apache.commons_commons-compress:src/main/java/org/apache/commons/compress/archivers/jar/JarArchiveEntry.java - startLine: 74;startOffset: 15;endOffset: 19;endLine: 74,Maintenance (Code Smells),,Matteo Razionale,0h5m,a351124eeb6c441adae88080d86f49213c398806
M18,To-Do,New,Normal,"java:S5961:  ""Refactor this method to reduce the number of assertions from 112 to less than 25.""",MAJOR,20min,Key: AYfl9r80d9SEFTPV56TA Path: org.apache.commons_commons-compress:src/test/java/org/apache/commons/compress/archivers/zip/X5455_ExtendedTimestampTest.java - startLine: 203;startOffset: 16;endOffset: 34;endLine: 203,Maintenance (Code Smells),,Matteo Razionale,0h45m,cd5333e9d7dc811d4f6d60e67926a6f6536b69bc
M19,To-Do,New,Normal,"java:S5961:  ""Refactor this method to reduce the number of assertions from 28 to less than 25.""",MAJOR,20min,Key: AYfl9r5Zd9SEFTPV56NS Path: org.apache.commons_commons-compress:src/test/java/org/apache/commons/compress/archivers/zip/ZipFileTest.java - startLine: 571;startOffset: 16;endOffset: 34;endLine: 571,Maintenance (Code Smells),,Matteo Razionale,0h15m,fad2bc2e4fc2de73c65dad22ede6dda56870a471
M20,To-Do,New,Normal,"java:S1181:  ""Catch Exception instead of Throwable.""",MAJOR,20min,Key: AYfl9rk6d9SEFTPV55_U Path: org.apache.commons_commons-compress:src/main/java/org/apache/commons/compress/harmony/archive/internal/nls/Messages.java - startLine: 56;startOffset: 23;endOffset: 32;endLine: 56,Maintenance (Code Smells),,Matteo Razionale,0h5m,cf7122f08f7c3f5aeac83876342955dbdc68d5b2
M21,To-Do,New,Normal,"java:S112:  ""Define and throw a dedicated exception instead of using a generic one.""",MAJOR,20min,Key: AYfl9rhNd9SEFTPV553_ Path: org.apache.commons_commons-compress:src/main/java/org/apache/commons/compress/harmony/pack200/BHSDCodec.java - startLine: 192;startOffset: 22;endOffset: 27;endLine: 192,Maintenance (Code Smells),,Matteo Razionale,0h10m,dc0da10be6d2fff215fbe5847120778c6a7bcb9a
M22,To-Do,New,Normal,"java:S107:  ""Method has 9 parameters which is greater than 7 authorized.""",MAJOR,20min,Key: AYfl9rkhd9SEFTPV55-W Path: org.apache.commons_commons-compress:src/main/java/org/apache/commons/compress/harmony/pack200/ClassBands.java - startLine: 60;startOffset: 14;endOffset: 36;endLine: 60,Maintenance (Code Smells),,Matteo Razionale,rejected,
M23,To-Do,New,Normal,"java:S107:  ""Method has 10 parameters which is greater than 7 authorized.""",MAJOR,20min,Key: AYfl9rkhd9SEFTPV55-U Path: org.apache.commons_commons-compress:src/main/java/org/apache/commons/compress/harmony/pack200/ClassBands.java - startLine: 252;startOffset: 13;endOffset: 26;endLine: 252,Maintenance (Code Smells),,Matteo Razionale,rejected,
M24,To-Do,New,Normal,"java:S107:  ""Method has 10 parameters which is greater than 7 authorized.""",MAJOR,20min,Key: AYfl9rkhd9SEFTPV55-V Path: org.apache.commons_commons-compress:src/main/java/org/apache/commons/compress/harmony/pack200/ClassBands.java - startLine: 539;startOffset: 13;endOffset: 35;endLine: 539,Maintenance (Code Smells),,Matteo Razionale,rejected,
M25,To-Do,New,Normal,"java:S107:  ""Method has 8 parameters which is greater than 7 authorized.""",MAJOR,20min,Key: AYfl9ried9SEFTPV556h Path: org.apache.commons_commons-compress:src/main/java/org/apache/commons/compress/harmony/pack200/MetadataBandGroup.java - startLine: 88;startOffset: 13;endOffset: 26;endLine: 88,Maintenance (Code Smells),,Matteo Razionale,rejected,
M26,To-Do,New,Normal,"java:S107:  ""Method has 11 parameters which is greater than 7 authorized.""",MAJOR,20min,Key: AYfl9ried9SEFTPV556i Path: org.apache.commons_commons-compress:src/main/java/org/apache/commons/compress/harmony/pack200/MetadataBandGroup.java - startLine: 163;startOffset: 13;endOffset: 35;endLine: 163,Maintenance (Code Smells),,Matteo Razionale,rejected,
M27,To-Do,New,Normal,"java:S112:  ""Define and throw a dedicated exception instead of using a generic one.""",MAJOR,20min,Key: AYfl9rhsd9SEFTPV555c Path: org.apache.commons_commons-compress:src/main/java/org/apache/commons/compress/harmony/pack200/NewAttribute.java - startLine: 43;startOffset: 22;endOffset: 27;endLine: 43,Maintenance (Code Smells),,Matteo Razionale,0h10m,9081d7056f24b2fef5548da00c727947d2c68d0a
M28,To-Do,New,Normal,"java:S112:  ""Define and throw a dedicated exception instead of using a generic one.""",MAJOR,20min,Key: AYfl9rjNd9SEFTPV557b Path: org.apache.commons_commons-compress:src/main/java/org/apache/commons/compress/harmony/pack200/Segment.java - startLine: 263;startOffset: 30;endOffset: 35;endLine: 263,Maintenance (Code Smells),,Matteo Razionale,0h5m,f2deeaafde3d6cca47d0820e3aa5c63042c48d04
M29,To-Do,New,Normal,"java:S112:  ""Define and throw a dedicated exception instead of using a generic one.""",MAJOR,20min,Key: AYfl9rjNd9SEFTPV557c Path: org.apache.commons_commons-compress:src/main/java/org/apache/commons/compress/harmony/pack200/Segment.java - startLine: 272;startOffset: 34;endOffset: 39;endLine: 272,Maintenance (Code Smells),,Matteo Razionale,0h5m,26b075c55a6e22f79619e2dd174281433b782062
M30,To-Do,New,Normal,"java:S112:  ""Define and throw a dedicated exception instead of using a generic one.""",MAJOR,20min,Key: AYfl9rjNd9SEFTPV557e Path: org.apache.commons_commons-compress:src/main/java/org/apache/commons/compress/harmony/pack200/Segment.java - startLine: 323;startOffset: 38;endOffset: 43;endLine: 323,Maintenance (Code Smells),,Matteo Razionale,0h5m,e364a9f996fbb86ebd029027ab08c5dcc4e512b2
M31,To-Do,New,Normal,"java:S112:  ""Define and throw a dedicated exception instead of using a generic one.""",MAJOR,20min,Key: AYfl9rjNd9SEFTPV557g Path: org.apache.commons_commons-compress:src/main/java/org/apache/commons/compress/harmony/pack200/Segment.java - startLine: 689;startOffset: 26;endOffset: 31;endLine: 689,Maintenance (Code Smells),,Matteo Razionale,0h5m,87c54fd051693c830db9e9f2b51b7d5e56501235
M32,To-Do,New,Normal,"java:S112:  ""Define and throw a dedicated exception instead of using a generic one.""",MAJOR,20min,Key: AYfl9rjNd9SEFTPV557h Path: org.apache.commons_commons-compress:src/main/java/org/apache/commons/compress/harmony/pack200/Segment.java - startLine: 698;startOffset: 30;endOffset: 35;endLine: 698,Maintenance (Code Smells),,Matteo Razionale,0h5m,0cc0659efdbd4d6eae7cee109924616722a00146
M33,To-Do,New,Normal,"java:S112:  ""Define and throw a dedicated exception instead of using a generic one.""",MAJOR,20min,Key: AYfl9rg8d9SEFTPV553R Path: org.apache.commons_commons-compress:src/main/java/org/apache/commons/compress/harmony/unpack200/IcTuple.java - startLine: 94;startOffset: 22;endOffset: 27;endLine: 94,Maintenance (Code Smells),,Matteo Razionale,0h5m,55b8d617492fa02ac9b81ad5629bd439d45c49a9
M34,To-Do,New,Normal,"java:S112:  ""Define and throw a dedicated exception instead of using a generic one.""",MAJOR,20min,Key: AYfl9rfhd9SEFTPV550w Path: org.apache.commons_commons-compress:src/main/java/org/apache/commons/compress/harmony/unpack200/SegmentConstantPool.java - startLine: 71;startOffset: 18;endOffset: 23;endLine: 71,Maintenance (Code Smells),,Matteo Razionale,0h5m,f822a5c7ae08b7ba14554baa8fb287398a38602e
M35,To-Do,New,Normal,"java:S112:  ""Define and throw a dedicated exception instead of using a generic one.""",MAJOR,20min,Key: AYfl9rfhd9SEFTPV550x Path: org.apache.commons_commons-compress:src/main/java/org/apache/commons/compress/harmony/unpack200/SegmentConstantPool.java - startLine: 98;startOffset: 22;endOffset: 27;endLine: 98,Maintenance (Code Smells),,Matteo Razionale,0h5m,b44ef5b7b712082d9f90216934f440fcb865bcae
M36,To-Do,New,Normal,"java:S112:  ""Define and throw a dedicated exception instead of using a generic one.""",MAJOR,20min,Key: AYfl9rfhd9SEFTPV550z Path: org.apache.commons_commons-compress:src/main/java/org/apache/commons/compress/harmony/unpack200/SegmentConstantPool.java - startLine: 158;startOffset: 22;endOffset: 27;endLine: 158,Maintenance (Code Smells),,Matteo Razionale,0h5m,251b82e0834b72e5b3e983298d896c096d2e176f
M37,To-Do,New,Normal,"java:S112:  ""Define and throw a dedicated exception instead of using a generic one.""",MAJOR,20min,Key: AYfl9rfhd9SEFTPV5500 Path: org.apache.commons_commons-compress:src/main/java/org/apache/commons/compress/harmony/unpack200/SegmentConstantPool.java - startLine: 161;startOffset: 22;endOffset: 27;endLine: 161,Maintenance (Code Smells),,Matteo Razionale,0h5m,848be6a87613ec27eee17e2732d95cff32fd56ca
M38,To-Do,New,Normal,"java:S112:  ""Define and throw a dedicated exception instead of using a generic one.""",MAJOR,20min,Key: AYfl9rfhd9SEFTPV5501 Path: org.apache.commons_commons-compress:src/main/java/org/apache/commons/compress/harmony/unpack200/SegmentConstantPool.java - startLine: 174;startOffset: 18;endOffset: 23;endLine: 174,Maintenance (Code Smells),,Matteo Razionale,0h5m,1c34a0cb2525303b44fb7b164b98c610a556276b
M39,To-Do,New,Normal,"java:S112:  ""Define and throw a dedicated exception instead of using a generic one.""",MAJOR,20min,Key: AYfl9rfhd9SEFTPV5503 Path: org.apache.commons_commons-compress:src/main/java/org/apache/commons/compress/harmony/unpack200/SegmentConstantPool.java - startLine: 228;startOffset: 18;endOffset: 23;endLine: 228,Maintenance (Code Smells),,Matteo Razionale,0h5m,9bf8503851afd3e8a7c7f1cb78456cb42e57cb05
M40,To-Do,New,Normal,"java:S112:  ""Define and throw a dedicated exception instead of using a generic one.""",MAJOR,20min,Key: AYfl9rgDd9SEFTPV551m Path: org.apache.commons_commons-compress:src/main/java/org/apache/commons/compress/harmony/unpack200/SegmentHeader.java - startLine: 287;startOffset: 63;endOffset: 68;endLine: 287,Maintenance (Code Smells),,Matteo Razionale,0h5m,61f7043db4c6dd67330a1c00442a0ba00267f427
M41,To-Do,New,Normal,"java:S112:  ""Define and throw a dedicated exception instead of using a generic one.""",MAJOR,20min,Key: AYfl9rgDd9SEFTPV551l Path: org.apache.commons_commons-compress:src/main/java/org/apache/commons/compress/harmony/unpack200/SegmentHeader.java - startLine: 292;startOffset: 26;endOffset: 31;endLine: 292,Maintenance (Code Smells),,Matteo Razionale,0h5m,8444023d086d4096fc8065aeffbf9a66428c13ce
M42,To-Do,New,Normal,"java:S112:  ""Define and throw a dedicated exception instead of using a generic one.""",MAJOR,20min,Key: AYfl9rc8d9SEFTPV55yV Path: org.apache.commons_commons-compress:src/main/java/org/apache/commons/compress/harmony/unpack200/bytecode/ByteCode.java - startLine: 298;startOffset: 22;endOffset: 27;endLine: 298,Maintenance (Code Smells),,Matteo Razionale,0h5m,89326fa48a27f22c058289953177d3da78138880
M43,To-Do,New,Normal,"java:S112:  ""Define and throw a dedicated exception instead of using a generic one.""",MAJOR,20min,Key: AYfl9rc8d9SEFTPV55yW Path: org.apache.commons_commons-compress:src/main/java/org/apache/commons/compress/harmony/unpack200/bytecode/ByteCode.java - startLine: 302;startOffset: 22;endOffset: 27;endLine: 302,Maintenance (Code Smells),,Matteo Razionale,0h5m,ec151abe2f65f7b03cc65cb27b1bce15f8b7c051
M44,To-Do,New,Normal,"java:S112:  ""Define and throw a dedicated exception instead of using a generic one.""",MAJOR,20min,Key: AYfl9rdkd9SEFTPV55yo Path: org.apache.commons_commons-compress:src/main/java/org/apache/commons/compress/harmony/unpack200/bytecode/OperandManager.java - startLine: 110;startOffset: 22;endOffset: 27;endLine: 110,Maintenance (Code Smells),,Matteo Razionale,0h5m,9e5f8a4a3a900e850865218b2fc1cbdc7590e858
M45,To-Do,New,Normal,"java:S112:  ""Define and throw a dedicated exception instead of using a generic one.""",MAJOR,20min,Key: AYfl9rdkd9SEFTPV55yp Path: org.apache.commons_commons-compress:src/main/java/org/apache/commons/compress/harmony/unpack200/bytecode/OperandManager.java - startLine: 117;startOffset: 22;endOffset: 27;endLine: 117,Maintenance (Code Smells),,Matteo Razionale,0h5m,87442a5e5d588b07722640efdb3346b5a3dc5887
M46,To-Do,New,Normal,"java:S112:  ""Define and throw a dedicated exception instead of using a generic one.""",MAJOR,20min,Key: AYfl9rdkd9SEFTPV55yq Path: org.apache.commons_commons-compress:src/main/java/org/apache/commons/compress/harmony/unpack200/bytecode/OperandManager.java - startLine: 124;startOffset: 22;endOffset: 27;endLine: 124,Maintenance (Code Smells),,Matteo Razionale,0h5m,9c8934333a5b0f20c776e7fe35b63f730b2dda93
M47,To-Do,New,Normal,"java:S2925:  ""Remove this use of Thread.sleep().""",MAJOR,20min,Key: AYfl9r_Bd9SEFTPV56YY Path: org.apache.commons_commons-compress:src/test/java/org/apache/commons/compress/archivers/tar/TarArchiveOutputStreamTest.java - startLine: 202;startOffset: 15;endOffset: 20;endLine: 202,Maintenance (Code Smells),,Matteo Razionale,0h5m,85fd76645c9959b7e64a5debf68fec1393dcee3e
M48,To-Do,New,Normal,"java:S2925:  ""Remove this use of Thread.sleep().""",MAJOR,20min,Key: AYfl9r_Bd9SEFTPV56YZ Path: org.apache.commons_commons-compress:src/test/java/org/apache/commons/compress/archivers/tar/TarArchiveOutputStreamTest.java - startLine: 213;startOffset: 15;endOffset: 20;endLine: 213,Maintenance (Code Smells),,Matteo Razionale,0h5m,70328981ab4db4d404dbaa337b9e381aeb1bcec8
M49,To-Do,New,Normal,"java:S5961:  ""Refactor this method to reduce the number of assertions from 60 to less than 25.""",MAJOR,20min,Key: AYfl9r9cd9SEFTPV56UF Path: org.apache.commons_commons-compress:src/test/java/org/apache/commons/compress/archivers/sevenz/SevenZOutputFileTest.java - startLine: 266;startOffset: 16;endOffset: 44;endLine: 266,Maintenance (Code Smells),,Matteo Razionale,0h30m,686977857ff7347c90722a267956e6fea9467602
M50,To-Do,New,Normal,"java:S112:  ""Define and throw a dedicated exception instead of using a generic one.""",MAJOR,20min,Key: AYfl9rzbd9SEFTPV56F_ Path: org.apache.commons_commons-compress:src/main/java/org/apache/commons/compress/java/util/jar/Pack200.java - startLine: 282;startOffset: 26;endOffset: 31;endLine: 282,Maintenance (Code Smells),,Matteo Razionale,0h5m,2151e75f6eb435fa22a9febd0b7ad15043d8d354
M51,To-Do,New,Normal,"java:S5961:  ""Refactor this method to reduce the number of assertions from 51 to less than 25.""",MAJOR,20min,Key: AYfl9r2Gd9SEFTPV56IX Path: org.apache.commons_commons-compress:src/test/java/org/apache/commons/compress/harmony/pack200/tests/CodecTest.java - startLine: 141;startOffset: 16;endOffset: 31;endLine: 141,Maintenance (Code Smells),,Matteo Razionale,0h5m,bff94beada39c327146114bd5844f23acc4f39b9
M52,To-Do,New,Normal,"java:S112:  ""Define and throw a dedicated exception instead of using a generic one.""",MAJOR,20min,Key: AYfl9rh8d9SEFTPV555h Path: org.apache.commons_commons-compress:src/main/java/org/apache/commons/compress/harmony/pack200/CodecEncoding.java - startLine: 95;startOffset: 22;endOffset: 27;endLine: 95,Maintenance (Code Smells),,Matteo Razionale,0h5m,1cc8d6905310ade3fa28f31b3041778076187d1a
M53,To-Do,New,Normal,"java:S112:  ""Define and throw a dedicated exception instead of using a generic one.""",MAJOR,20min,Key: AYfl9rY2d9SEFTPV55tG Path: org.apache.commons_commons-compress:src/main/java/org/apache/commons/compress/harmony/unpack200/IcBands.java - startLine: 208;startOffset: 26;endOffset: 31;endLine: 208,Maintenance (Code Smells),,Matteo Razionale,0h5m,dbbabe8f249bb6179c3d3435982ca68e58121f8e
M54,To-Do,New,Normal,"java:S107:  ""Constructor has 8 parameters which is greater than 7 authorized.""",MAJOR,20min,Key: AYfl9rg8d9SEFTPV553Y Path: org.apache.commons_commons-compress:src/main/java/org/apache/commons/compress/harmony/unpack200/IcTuple.java - startLine: 72;startOffset: 11;endOffset: 18;endLine: 72,Maintenance (Code Smells),,Matteo Razionale,rejected,
M55,To-Do,New,Normal,"java:S112:  ""Define and throw a dedicated exception instead of using a generic one.""",MAJOR,20min,Key: AYfl9rd9d9SEFTPV55y7 Path: org.apache.commons_commons-compress:src/main/java/org/apache/commons/compress/harmony/unpack200/bytecode/BCIRenumberedAttribute.java - startLine: 62;startOffset: 22;endOffset: 27;endLine: 62,Maintenance (Code Smells),,Matteo Razionale,0h5m,47f3d7eae53a7e3543125819c5fafd19342f229c
M56,To-Do,New,Normal,"java:S112:  ""Define and throw a dedicated exception instead of using a generic one.""",MAJOR,20min,Key: AYfl9rc8d9SEFTPV55yR Path: org.apache.commons_commons-compress:src/main/java/org/apache/commons/compress/harmony/unpack200/bytecode/ByteCode.java - startLine: 251;startOffset: 22;endOffset: 27;endLine: 251,Maintenance (Code Smells),,Matteo Razionale,0h5m,d283d436c9e167e7cd8407fc72c724f1a1109b14
M57,To-Do,New,Normal,"java:S112:  ""Define and throw a dedicated exception instead of using a generic one.""",MAJOR,20min,Key: AYfl9rc8d9SEFTPV55yS Path: org.apache.commons_commons-compress:src/main/java/org/apache/commons/compress/harmony/unpack200/bytecode/ByteCode.java - startLine: 255;startOffset: 22;endOffset: 27;endLine: 255,Maintenance (Code Smells),,Matteo Razionale,0h5m,bdf82896de4eca6293b311893c1659f560446f3d
M58,To-Do,New,Normal,"java:S112:  ""Define and throw a dedicated exception instead of using a generic one.""",MAJOR,20min,Key: AYfl9rc8d9SEFTPV55yT Path: org.apache.commons_commons-compress:src/main/java/org/apache/commons/compress/harmony/unpack200/bytecode/ByteCode.java - startLine: 276;startOffset: 22;endOffset: 27;endLine: 276,Maintenance (Code Smells),,Matteo Razionale,0h5m,b0fea1818a417caedd5105a53d80a0d71139079e
M59,To-Do,New,Normal,"java:S112:  ""Define and throw a dedicated exception instead of using a generic one.""",MAJOR,20min,Key: AYfl9rc8d9SEFTPV55yU Path: org.apache.commons_commons-compress:src/main/java/org/apache/commons/compress/harmony/unpack200/bytecode/ByteCode.java - startLine: 280;startOffset: 22;endOffset: 27;endLine: 280,Maintenance (Code Smells),,Matteo Razionale,0h5m,6008f99dba559ea3919edab7b4b878a11ae8df6f
M60,To-Do,New,Normal,"java:S107:  ""Constructor has 21 parameters which is greater than 7 authorized.""",MAJOR,20min,Key: AYfl9rdkd9SEFTPV55yr Path: org.apache.commons_commons-compress:src/main/java/org/apache/commons/compress/harmony/unpack200/bytecode/OperandManager.java - startLine: 79;startOffset: 11;endOffset: 25;endLine: 79,Maintenance (Code Smells),,Matteo Razionale,rejected,
M61,To-Do,New,Normal,"java:S112:  ""Define and throw a dedicated exception instead of using a generic one.""",MAJOR,20min,Key: AYfl9rbKd9SEFTPV55tt Path: org.apache.commons_commons-compress:src/main/java/org/apache/commons/compress/harmony/unpack200/bytecode/forms/ByteCodeForm.java - startLine: 365;startOffset: 22;endOffset: 27;endLine: 365,Maintenance (Code Smells),,Matteo Razionale,0h5m,dca01846db536fb0052b80c238cbdecd3a7f6403
M62,To-Do,New,Normal,"java:S112:  ""Define and throw a dedicated exception instead of using a generic one.""",MAJOR,20min,Key: AYfl9ra3d9SEFTPV55tn Path: org.apache.commons_commons-compress:src/main/java/org/apache/commons/compress/harmony/unpack200/bytecode/forms/VariableInstructionForm.java - startLine: 39;startOffset: 22;endOffset: 27;endLine: 39,Maintenance (Code Smells),,Matteo Razionale,0h5m,2865c0dba2e4cbe22569940250b79955686e7603
M63,To-Do,New,Normal,"java:S112:  ""Define and throw a dedicated exception instead of using a generic one.""",MAJOR,20min,Key: AYfl9ra3d9SEFTPV55to Path: org.apache.commons_commons-compress:src/main/java/org/apache/commons/compress/harmony/unpack200/bytecode/forms/VariableInstructionForm.java - startLine: 45;startOffset: 22;endOffset: 27;endLine: 45,Maintenance (Code Smells),,Matteo Razionale,0h5m,ed940a091c097ead5e7b4f041c96a6c868a98424
M64,To-Do,New,Normal,"java:S112:  ""Define and throw a dedicated exception instead of using a generic one.""",MAJOR,20min,Key: AYfl9ra3d9SEFTPV55tp Path: org.apache.commons_commons-compress:src/main/java/org/apache/commons/compress/harmony/unpack200/bytecode/forms/VariableInstructionForm.java - startLine: 63;startOffset: 22;endOffset: 27;endLine: 63,Maintenance (Code Smells),,Matteo Razionale,0h5m,2daa7d2a8dd2e958c6b495b3c583751234729a7b
M65,To-Do,New,Normal,"java:S112:  ""Define and throw a dedicated exception instead of using a generic one.""",MAJOR,20min,Key: AYfl9ra3d9SEFTPV55tq Path: org.apache.commons_commons-compress:src/main/java/org/apache/commons/compress/harmony/unpack200/bytecode/forms/VariableInstructionForm.java - startLine: 69;startOffset: 22;endOffset: 27;endLine: 69,Maintenance (Code Smells),,Matteo Razionale,0h5m,a84542cb0b9fdb3953ae0608db5c1f651238af24
M66,To-Do,New,Normal,"java:S112:  ""Define and throw a dedicated exception instead of using a generic one.""",MAJOR,20min,Key: AYfl9rjNd9SEFTPV557d Path: org.apache.commons_commons-compress:src/main/java/org/apache/commons/compress/harmony/pack200/Segment.java - startLine: 313;startOffset: 30;endOffset: 35;endLine: 313,Maintenance (Code Smells),,Matteo Razionale,0h5m,cb5484b530284c20426969bd8e9dea4ba2f80ec4
M67,To-Do,New,Normal,"java:S112:  ""Define and throw a dedicated exception instead of using a generic one.""",MAJOR,20min,Key: AYfl9rjNd9SEFTPV557f Path: org.apache.commons_commons-compress:src/main/java/org/apache/commons/compress/harmony/pack200/Segment.java - startLine: 333;startOffset: 38;endOffset: 43;endLine: 333,Maintenance (Code Smells),,Matteo Razionale,0h5m,a302adb78d4932d3d1fa1571168df72d14b870a3
M68,To-Do,New,Normal,"java:S112:  ""Define and throw a dedicated exception instead of using a generic one.""",MAJOR,20min,Key: AYfl9rfhd9SEFTPV550y Path: org.apache.commons_commons-compress:src/main/java/org/apache/commons/compress/harmony/unpack200/SegmentConstantPool.java - startLine: 128;startOffset: 22;endOffset: 27;endLine: 128,Maintenance (Code Smells),,Matteo Razionale,0h5m,799cca302c97dbef83e25c5da0681fe4a3a49f79
M69,To-Do,New,Normal,"java:S112:  ""Define and throw a dedicated exception instead of using a generic one.""",MAJOR,20min,Key: AYfl9rfhd9SEFTPV5502 Path: org.apache.commons_commons-compress:src/main/java/org/apache/commons/compress/harmony/unpack200/SegmentConstantPool.java - startLine: 191;startOffset: 22;endOffset: 27;endLine: 191,Maintenance (Code Smells),,Matteo Razionale,0h5m,a6cf8b60ceb4a09a2a31f0dbaaf2050bca615857
M70,To-Do,New,Normal,"java:S112:  ""Define and throw a dedicated exception instead of using a generic one.""",MAJOR,20min,Key: AYfl9rdJd9SEFTPV55yb Path: org.apache.commons_commons-compress:src/main/java/org/apache/commons/compress/harmony/unpack200/bytecode/AnnotationsAttribute.java - startLine: 189;startOffset: 26;endOffset: 31;endLine: 189,Maintenance (Code Smells),,Matteo Razionale,0h5m,f7e0793fec6b007a54899f5b6b071ac33ee38ae3
M71,To-Do,New,Normal,"java:S112:  ""Define and throw a dedicated exception instead of using a generic one.""",MAJOR,20min,Key: AYfl9rc8d9SEFTPV55yQ Path: org.apache.commons_commons-compress:src/main/java/org/apache/commons/compress/harmony/unpack200/bytecode/ByteCode.java - startLine: 189;startOffset: 30;endOffset: 35;endLine: 189,Maintenance (Code Smells),,Matteo Razionale,0h5m,dd7933917ab35ec4395a70303a814cd3f34b1d19
M72,To-Do,New,Normal,"java:S112:  ""Define and throw a dedicated exception instead of using a generic one.""",MAJOR,20min,Key: AYfl9rdxd9SEFTPV55y0 Path: org.apache.commons_commons-compress:src/main/java/org/apache/commons/compress/harmony/unpack200/bytecode/ClassConstantPool.java - startLine: 161;startOffset: 30;endOffset: 35;endLine: 161,Maintenance (Code Smells),,Matteo Razionale,0h5m,08b3de359c7c6fb2121beb9cc5d7c703f7d73581
M73,To-Do,New,Normal,"java:S112:  ""Define and throw a dedicated exception instead of using a generic one.""",MAJOR,20min,Key: AYfl9reDd9SEFTPV55zA Path: org.apache.commons_commons-compress:src/main/java/org/apache/commons/compress/harmony/unpack200/bytecode/RuntimeVisibleorInvisibleAnnotationsAttribute.java - startLine: 79;startOffset: 22;endOffset: 27;endLine: 79,Maintenance (Code Smells),,Matteo Razionale,0h5m,9ed1e1c6f56e94d86e1f0858a91b44c1b92bc752
M74,To-Do,New,Normal,"java:S112:  ""Define and throw a dedicated exception instead of using a generic one.""",MAJOR,20min,Key: AYfl9raLd9SEFTPV55tj Path: org.apache.commons_commons-compress:src/main/java/org/apache/commons/compress/harmony/unpack200/bytecode/forms/NewClassRefForm.java - startLine: 63;startOffset: 26;endOffset: 31;endLine: 63,Maintenance (Code Smells),,Matteo Razionale,0h5m,f2754e09087d16d6f0c6a481e46a53d4b10708de
M75,To-Do,New,Normal,"java:S112:  ""Define and throw a dedicated exception instead of using a generic one.""",MAJOR,20min,Key: AYfl9rZzd9SEFTPV55te Path: org.apache.commons_commons-compress:src/main/java/org/apache/commons/compress/harmony/unpack200/bytecode/forms/ReferenceForm.java - startLine: 56;startOffset: 22;endOffset: 27;endLine: 56,Maintenance (Code Smells),,Matteo Razionale,0h5m,aef41ae78fcf932441d88d223069f3d3a821cdb4
M76,To-Do,New,Normal,"java:S107:  ""Constructor has 9 parameters which is greater than 7 authorized.""",MAJOR,20min,Key: AYfl9rWsd9SEFTPV55sw Path: org.apache.commons_commons-compress:src/main/java/org/apache/commons/compress/compressors/lz77support/Parameters.java - startLine: 268;startOffset: 12;endOffset: 22;endLine: 268,Maintenance (Code Smells),,Matteo Razionale,rejected,
M77,To-Do,New,Normal,"java:S1149:  ""Replace the synchronized class Stack by an unsynchronized one such as Deque.""",MAJOR,20min,Key: AYfl9rssd9SEFTPV56D4 Path: org.apache.commons_commons-compress:src/main/java/org/apache/commons/compress/archivers/dump/DumpArchiveInputStream.java - startLine: 305;startOffset: 14;endOffset: 27;endLine: 305,Maintenance (Code Smells),,Matteo Razionale,0h5m,51639ff94481a25d65652c5e30e6e04df924b820
M78,To-Do,New,Normal,"java:S2925:  ""Remove this use of Thread.sleep().""",MAJOR,20min,Key: AYfl9sKjd9SEFTPV56jb Path: org.apache.commons_commons-compress:src/test/java/org/apache/commons/compress/AbstractTestCase.java - startLine: 117;startOffset: 23;endOffset: 28;endLine: 117,Maintenance (Code Smells),,Matteo Razionale,0h5m,b92c5b82f8f944b5e12c828ca3a708aded737d61
M79,To-Do,New,Normal,"java:S4144:  ""Update this method so that its implementation is not identical to getCentralDirectoryLength on line 63.""",MAJOR,15min,Key: AYfl9ropd9SEFTPV56B5 Path: org.apache.commons_commons-compress:src/main/java/org/apache/commons/compress/archivers/zip/JarMarker.java - startLine: 92;startOffset: 20;endOffset: 42;endLine: 92,Maintenance (Code Smells),,Matteo Razionale,0h5m,e85d153b124ad52d3660970ac994da462a57c97d
M80,To-Do,New,Normal,"java:S1854:  ""Remove this useless assignment to local variable off.""",MAJOR,15min,Key: AYfl9rVwd9SEFTPV55sY Path: org.apache.commons_commons-compress:src/main/java/org/apache/commons/compress/compressors/snappy/PureJavaCrc32C.java - startLine: 625;startOffset: 74;endOffset: 79;endLine: 625,Maintenance (Code Smells),,Matteo Razionale,rejected,
M81,To-Do,New,Normal,"java:S1854:  ""Remove this useless assignment to local variable name.""",MAJOR,15min,Key: AYfl9rjNd9SEFTPV557r Path: org.apache.commons_commons-compress:src/main/java/org/apache/commons/compress/harmony/pack200/Segment.java - startLine: 66;startOffset: 21;endOffset: 25;endLine: 66,Maintenance (Code Smells),,Matteo Razionale,0h5m,461596ba153d6946dafebacb518920dad0bfb5a4
M82,To-Do,New,Normal,"java:S5738:  ""Don't override this deprecated method it has been marked for removal.""",MAJOR,15min,Key: AYfl9rrid9SEFTPV56C5 Path: org.apache.commons_commons-compress:src/main/java/org/apache/commons/compress/archivers/zip/ZipFile.java - startLine: 809;startOffset: 19;endOffset: 27;endLine: 809,Maintenance (Code Smells),,Matteo Razionale,rejected,
M83,To-Do,New,Normal,"java:S5738:  ""Remove this call to a deprecated method it has been marked for removal.""",MAJOR,15min,Key: AYfl9rrid9SEFTPV56C7 Path: org.apache.commons_commons-compress:src/main/java/org/apache/commons/compress/archivers/zip/ZipFile.java - startLine: 815;startOffset: 18;endOffset: 26;endLine: 815,Maintenance (Code Smells),,Matteo Razionale,rejected,
M84,To-Do,New,Normal,"java:S5738:  ""Remove this call to a deprecated class it has been marked for removal.""",MAJOR,15min,Key: AYfl9rzbd9SEFTPV56GA Path: org.apache.commons_commons-compress:src/main/java/org/apache/commons/compress/java/util/jar/Pack200.java - startLine: 276;startOffset: 15;endOffset: 31;endLine: 276,Maintenance (Code Smells),,Matteo Razionale,0h10m,701cef600d00f061fb2955b1562b2b6fd9028865
M85,To-Do,New,Normal,"java:S5738:  ""Remove this call to a deprecated class it has been marked for removal.""",MAJOR,15min,Key: AYfl9rk6d9SEFTPV55_f Path: org.apache.commons_commons-compress:src/main/java/org/apache/commons/compress/harmony/archive/internal/nls/Messages.java - startLine: 209;startOffset: 36;endOffset: 52;endLine: 209,Maintenance (Code Smells),,Matteo Razionale,0h10m,f9771a1017599c0c125940a0e699430c90f8f3e7
M86,To-Do,New,Normal,"java:S1854:  ""Remove this useless assignment to local variable nid.""",MAJOR,15min,Key: AYfl9rnDd9SEFTPV56BG Path: org.apache.commons_commons-compress:src/main/java/org/apache/commons/compress/archivers/sevenz/SevenZFile.java - startLine: 1330;startOffset: 16;endOffset: 41;endLine: 1330,Maintenance (Code Smells),,Matteo Razionale,0h5m,c866d459ea5a2252efe636b622ea7ce905d36110
M87,To-Do,New,Normal,"java:S1854:  ""Remove this useless assignment to local variable nid.""",MAJOR,15min,  ,Maintenance (Code Smells),,Matteo Razionale,rejected,
M88,To-Do,New,Normal,"java:S1854:  ""Remove this useless assignment to local variable aload_0.""",MAJOR,15min,Key: AYfl9rhGd9SEFTPV5530 Path: org.apache.commons_commons-compress:src/main/java/org/apache/commons/compress/harmony/pack200/BcBands.java - startLine: 280;startOffset: 16;endOffset: 23;endLine: 280,Maintenance (Code Smells),,Matteo Razionale,0h5m,808275bb8da679707f9d76c4cbe6636f6b4fd5a0
M89,To-Do,New,Normal,"java:S1854:  ""Remove this useless assignment to local variable index.""",MAJOR,15min,Key: AYfl9rh8d9SEFTPV555o Path: org.apache.commons_commons-compress:src/main/java/org/apache/commons/compress/harmony/pack200/CodecEncoding.java - startLine: 268;startOffset: 36;endOffset: 43;endLine: 268,Maintenance (Code Smells),,Matteo Razionale,rejected,
M90,To-Do,New,Normal,"java:S1854:  ""Remove this useless assignment to local variable rewriteIndex.""",MAJOR,15min,Key: AYfl9raqd9SEFTPV55tl Path: org.apache.commons_commons-compress:src/main/java/org/apache/commons/compress/harmony/unpack200/bytecode/forms/WideForm.java - startLine: 91;startOffset: 21;endOffset: 25;endLine: 91,Maintenance (Code Smells),,Francesco Paolo Ragusa,0h5m,fb109c3df899a85ea1b58176d9819bdfdbbd6be1
M91,To-Do,New,Normal,"java:S1854:  ""Remove this useless assignment to local variable rewriteIndex.""",MAJOR,15min,Key: AYfl9raqd9SEFTPV55tm Path: org.apache.commons_commons-compress:src/main/java/org/apache/commons/compress/harmony/unpack200/bytecode/forms/WideForm.java - startLine: 133;startOffset: 21;endOffset: 25;endLine: 133,Maintenance (Code Smells),,Francesco Paolo Ragusa,0h5m,8bc677f12985e384d52fe19a18105f9b3d7e5417
M92,To-Do,New,Normal,"java:S5738:  ""Remove this call to a deprecated class it has been marked for removal.""",MAJOR,15min,Key: AYfl9rwWd9SEFTPV56FN Path: org.apache.commons_commons-compress:src/main/java/org/apache/commons/compress/archivers/ArchiveStreamFactory.java - startLine: 314;startOffset: 15;endOffset: 31;endLine: 314,Maintenance (Code Smells),,Francesco Paolo Ragusa,0h5m,a432dd899276be518275a39a7cdb5343b65adc3d
M93,To-Do,New,Normal,"java:S5738:  ""Remove this call to a deprecated class it has been marked for removal.""",MAJOR,15min,Key: AYfl9rwWd9SEFTPV56FO Path: org.apache.commons_commons-compress:src/main/java/org/apache/commons/compress/archivers/ArchiveStreamFactory.java - startLine: 350;startOffset: 15;endOffset: 31;endLine: 350,Maintenance (Code Smells),,Francesco Paolo Ragusa,0h5m,4ddb67046f3202e0d758c93ec204b101a18a9dc7
M94,To-Do,New,Normal,"java:S5738:  ""Remove this call to a deprecated class it has been marked for removal.""",MAJOR,15min,Key: AYfl9rYvd9SEFTPV55tC Path: org.apache.commons_commons-compress:src/main/java/org/apache/commons/compress/compressors/CompressorStreamFactory.java - startLine: 318;startOffset: 15;endOffset: 31;endLine: 318,Maintenance (Code Smells),,Francesco Paolo Ragusa,0h5m,b7d3e8e652a905b28135e958d69ed0678ac3b90f
M95,To-Do,New,Normal,"java:S5738:  ""Remove this call to a deprecated class it has been marked for removal.""",MAJOR,15min,Key: AYfl9rYvd9SEFTPV55tD Path: org.apache.commons_commons-compress:src/main/java/org/apache/commons/compress/compressors/CompressorStreamFactory.java - startLine: 354;startOffset: 15;endOffset: 31;endLine: 354,Maintenance (Code Smells),,Francesco Paolo Ragusa,0h5m,c3f32bc3d6f530d1f68b6257b13f35692f6c1916
M96,To-Do,New,Normal,"java:S1854:  ""Remove this useless assignment to local variable overflow.""",MAJOR,15min,Key: AYfl9rxBd9SEFTPV56Fl Path: org.apache.commons_commons-compress:src/main/java/org/apache/commons/compress/utils/BitInputStream.java - startLine: 142;startOffset: 22;endOffset: 26;endLine: 142,Maintenance (Code Smells),,Francesco Paolo Ragusa,0h5m,f2d5e7c224c7f13e2c006798a6d9011ddf8b7629
M97,To-Do,New,Normal,"java:S1854:  ""Remove this useless assignment to local variable nid.""",MAJOR,15min,Key: AYfl9rnDd9SEFTPV56BL Path: org.apache.commons_commons-compress:src/main/java/org/apache/commons/compress/archivers/sevenz/SevenZFile.java - startLine: 1531;startOffset: 16;endOffset: 41;endLine: 1531,Maintenance (Code Smells),,Francesco Paolo Ragusa,rejected,
M98,To-Do,New,Normal,"java:S1854:  ""Remove this useless assignment to local variable offset.""",MAJOR,15min,Key: AYfl9rl6d9SEFTPV55_u Path: org.apache.commons_commons-compress:src/main/java/org/apache/commons/compress/archivers/ar/ArArchiveOutputStream.java - startLine: 249;startOffset: 19;endOffset: 30;endLine: 249,Maintenance (Code Smells),,Francesco Paolo Ragusa,rejected,
M99,To-Do,New,Normal,"java:S1854:  ""Remove this useless assignment to local variable yy.""",MAJOR,15min,Key: AYfl9rTRd9SEFTPV55qd Path: org.apache.commons_commons-compress:src/main/java/org/apache/commons/compress/compressors/bzip2/BZip2CompressorOutputStream.java - startLine: 306;startOffset: 19;endOffset: 22;endLine: 306,Maintenance (Code Smells),,Francesco Paolo Ragusa,0h5m,3b312352d3c2ce11966a5a8b586f3a389c77fd05
M100,To-Do,New,Normal,"java:S1854:  ""Remove this useless assignment to local variable tmp.""",MAJOR,15min,Key: AYfl9rTRd9SEFTPV55qe Path: org.apache.commons_commons-compress:src/main/java/org/apache/commons/compress/compressors/bzip2/BZip2CompressorOutputStream.java - startLine: 344;startOffset: 20;endOffset: 23;endLine: 344,Maintenance (Code Smells),,Francesco Paolo Ragusa,0h5m,1206bda71c9d4a386e3bc7b662b81fc3c4fdbf6d
M101,To-Do,New,Normal,"java:S106:  ""Replace this use of System.out or System.err by a logger.""",MAJOR,10min,Key: AYfl9rmSd9SEFTPV55_4 Path: org.apache.commons_commons-compress:src/main/java/org/apache/commons/compress/archivers/sevenz/CLI.java - startLine: 51;startOffset: 20;endOffset: 30;endLine: 51,Maintenance (Code Smells),,Francesco Paolo Ragusa,0h20m,28aafca61a1432e10898150baed7d1edbcc862dd
M102,To-Do,New,Normal,"java:S3457:  ""2nd argument is not used.""",MAJOR,10min,Key: AYfl9rnDd9SEFTPV56A6 Path: org.apache.commons_commons-compress:src/main/java/org/apache/commons/compress/archivers/sevenz/SevenZFile.java - startLine: 175;startOffset: 34;endOffset: 83;endLine: 175,Maintenance (Code Smells),,Francesco Paolo Ragusa,0h05m,cd630e984c8a5b55bc5b0a38e1a77932c5861d77
M103,To-Do,New,Normal,"java:S106:  ""Replace this use of System.out or System.err by a logger.""",MAJOR,10min,Key: AYfl9rwcd9SEFTPV56FV Path: org.apache.commons_commons-compress:src/main/java/org/apache/commons/compress/archivers/Lister.java - startLine: 73;startOffset: 12;endOffset: 22;endLine: 73,Maintenance (Code Smells),,Francesco Paolo Ragusa,0h05m,c81c086b899bae308470a0c5973158ac37b77e13
M104,To-Do,New,Normal,"java:S106:  ""Replace this use of System.out or System.err by a logger.""",MAJOR,10min,Key: AYfl9rwcd9SEFTPV56FW Path: org.apache.commons_commons-compress:src/main/java/org/apache/commons/compress/archivers/Lister.java - startLine: 76;startOffset: 16;endOffset: 26;endLine: 76,Maintenance (Code Smells),,Francesco Paolo Ragusa,0h05m,0677933e1ec70468cc904ffbc1683553eef11161
M105,To-Do,New,Normal,"java:S106:  ""Replace this use of System.out or System.err by a logger.""",MAJOR,10min,Key: AYfl9rwcd9SEFTPV56FX Path: org.apache.commons_commons-compress:src/main/java/org/apache/commons/compress/archivers/Lister.java - startLine: 83;startOffset: 12;endOffset: 22;endLine: 83,Maintenance (Code Smells),,Francesco Paolo Ragusa,0h05m,cb67267d89afdb74293ed33b212f87ef507dddf2
M106,To-Do,New,Normal,"java:S106:  ""Replace this use of System.out or System.err by a logger.""",MAJOR,10min,Key: AYfl9rwcd9SEFTPV56FY Path: org.apache.commons_commons-compress:src/main/java/org/apache/commons/compress/archivers/Lister.java - startLine: 84;startOffset: 41;endOffset: 51;endLine: 84,Maintenance (Code Smells),,Francesco Paolo Ragusa,0h05m,cb67267d89afdb74293ed33b212f87ef507dddf2
M107,To-Do,New,Normal,"java:S106:  ""Replace this use of System.out or System.err by a logger.""",MAJOR,10min,Key: AYfl9rwcd9SEFTPV56Fb Path: org.apache.commons_commons-compress:src/main/java/org/apache/commons/compress/archivers/Lister.java - startLine: 115;startOffset: 8;endOffset: 18;endLine: 115,Maintenance (Code Smells),,Francesco Paolo Ragusa,0h05m,e7a1ceb62c75b2726ebc8b02e0e4173f933e5358
M108,To-Do,New,Normal,"java:S106:  ""Replace this use of System.out or System.err by a logger.""",MAJOR,10min,Key: AYfl9rwcd9SEFTPV56Fc Path: org.apache.commons_commons-compress:src/main/java/org/apache/commons/compress/archivers/Lister.java - startLine: 118;startOffset: 12;endOffset: 22;endLine: 118,Maintenance (Code Smells),,Francesco Paolo Ragusa,0h05m,0997865d37489162ea4ce8daee73df462cb2d2e1
M109,To-Do,New,Normal,"java:S127:  ""Refactor the code in order to not assign to this loop counter from within the loop body.""",MAJOR,10min,Key: AYfl9rlrd9SEFTPV55_o Path: org.apache.commons_commons-compress:src/main/java/org/apache/commons/compress/archivers/ar/ArArchiveInputStream.java - startLine: 235;startOffset: 20;endOffset: 21;endLine: 235,Maintenance (Code Smells),,Francesco Paolo Ragusa,0h05m,b792d860a947d730b420010d1fedd9f49a340eb3
M110,To-Do,New,Normal,"java:S3824:  ""Replace this Map.get() and condition with a call to Map.computeIfAbsent().""",MAJOR,10min,Key: AYfl9rnDd9SEFTPV56A2 Path: org.apache.commons_commons-compress:src/main/java/org/apache/commons/compress/archivers/sevenz/SevenZFile.java - startLine: 729;startOffset: 12;endOffset: 37;endLine: 729,Maintenance (Code Smells),,Francesco Paolo Ragusa,0h05m,23972319185d51fe319d2e30a9589c715f40558b
M111,To-Do,New,Normal,"java:S2589:  ""Remove this expression which always evaluates to true""",MAJOR,10min,Key: AYfl9rowd9SEFTPV56B6 Path: org.apache.commons_commons-compress:src/main/java/org/apache/commons/compress/archivers/zip/ZipUtil.java - startLine: 288;startOffset: 21;endOffset: 43;endLine: 288,Maintenance (Code Smells),,Francesco Paolo Ragusa,0h05m,335a784ac475f12348d6cd238b4754097971bd53
M112,To-Do,New,Normal,"java:S127:  ""Refactor the code in order to not assign to this loop counter from within the loop body.""",MAJOR,10min,Key: AYfl9rUZd9SEFTPV55rp Path: org.apache.commons_commons-compress:src/main/java/org/apache/commons/compress/compressors/bzip2/BZip2CompressorInputStream.java - startLine: 162;startOffset: 25;endOffset: 27;endLine: 162,Maintenance (Code Smells),,Francesco Paolo Ragusa,0h05m,37d1ff5ba8d69deabd61ae4860b99167b20afb4d
M113,To-Do,New,Normal,"java:S127:  ""Refactor the code in order to not assign to this loop counter from within the loop body.""",MAJOR,10min,Key: AYfl9rUZd9SEFTPV55rq Path: org.apache.commons_commons-compress:src/main/java/org/apache/commons/compress/compressors/bzip2/BZip2CompressorInputStream.java - startLine: 179;startOffset: 12;endOffset: 13;endLine: 179,Maintenance (Code Smells),,Francesco Paolo Ragusa,0h05m,bf3db739fc0e6f7a9393b8b14d738a16a6873eef
M114,To-Do,New,Normal,"java:S127:  ""Refactor the code in order to not assign to this loop counter from within the loop body.""",MAJOR,10min,Key: AYfl9rUZd9SEFTPV55rr Path: org.apache.commons_commons-compress:src/main/java/org/apache/commons/compress/compressors/bzip2/BZip2CompressorInputStream.java - startLine: 185;startOffset: 12;endOffset: 15;endLine: 185,Maintenance (Code Smells),,Francesco Paolo Ragusa,0h05m,2f4dcca59c4e0142236305be9344d1f30e38999d
M115,To-Do,New,Normal,"java:S127:  ""Refactor the code in order to not assign to this loop counter from within the loop body.""",MAJOR,10min,Key: AYfl9rUZd9SEFTPV55rs Path: org.apache.commons_commons-compress:src/main/java/org/apache/commons/compress/compressors/bzip2/BZip2CompressorInputStream.java - startLine: 186;startOffset: 12;endOffset: 13;endLine: 186,Maintenance (Code Smells),,Francesco Paolo Ragusa,0h05m,0972cb22b8601fab0662189b87d725f7a302881f
M116,To-Do,New,Normal,"java:S127:  ""Refactor the code in order to not assign to this loop counter from within the loop body.""",MAJOR,10min,Key: AYfl9rUZd9SEFTPV55rt Path: org.apache.commons_commons-compress:src/main/java/org/apache/commons/compress/compressors/bzip2/BZip2CompressorInputStream.java - startLine: 188;startOffset: 12;endOffset: 15;endLine: 188,Maintenance (Code Smells),,Francesco Paolo Ragusa,0h05m,576504b1794e0a6b96d92c02b5974d879a67fcd3
M117,To-Do,New,Normal,"java:S127:  ""Refactor the code in order to not assign to this loop counter from within the loop body.""",MAJOR,10min,Key: AYfl9rUZd9SEFTPV55ru Path: org.apache.commons_commons-compress:src/main/java/org/apache/commons/compress/compressors/bzip2/BZip2CompressorInputStream.java - startLine: 485;startOffset: 37;endOffset: 38;endLine: 485,Maintenance (Code Smells),,Francesco Paolo Ragusa,0h05m,1c997300d8ebff2102d081f5dca9c64e8b60c7f6
M118,To-Do,New,Normal,"java:S127:  ""Refactor the code in order to not assign to this loop counter from within the loop body.""",MAJOR,10min,Key: AYfl9rT3d9SEFTPV55q7 Path: org.apache.commons_commons-compress:src/main/java/org/apache/commons/compress/compressors/bzip2/BlockSort.java - startLine: 703;startOffset: 20;endOffset: 22;endLine: 703,Maintenance (Code Smells),,Francesco Paolo Ragusa,0h05m,1bdfac3c88149661ebe8296b03d4a09632013cf1
M119,To-Do,New,Normal,"java:S127:  ""Refactor the code in order to not assign to this loop counter from within the loop body.""",MAJOR,10min,Key: AYfl9rT3d9SEFTPV55q8 Path: org.apache.commons_commons-compress:src/main/java/org/apache/commons/compress/compressors/bzip2/BlockSort.java - startLine: 708;startOffset: 20;endOffset: 22;endLine: 708,Maintenance (Code Smells),,Francesco Paolo Ragusa,0h05m,605bb98fde9b7db6a64f4a6d6647a506afdf747f
M120,To-Do,New,Normal,"java:S127:  ""Refactor the code in order to not assign to this loop counter from within the loop body.""",MAJOR,10min,Key: AYfl9rT3d9SEFTPV55q9 Path: org.apache.commons_commons-compress:src/main/java/org/apache/commons/compress/compressors/bzip2/BlockSort.java - startLine: 714;startOffset: 16;endOffset: 18;endLine: 714,Maintenance (Code Smells),,Francesco Paolo Ragusa,0h05m,3bab514d91b424699dee650bc55cb9f4b11a00f0
M121,To-Do,New,Normal,"java:S3824:  ""Replace this Map.get() and condition with a call to Map.computeIfAbsent().""",MAJOR,10min,Key: AYfl9rkhd9SEFTPV5593 Path: org.apache.commons_commons-compress:src/main/java/org/apache/commons/compress/harmony/pack200/ClassBands.java - startLine: 597;startOffset: 42;endOffset: 85;endLine: 597,Maintenance (Code Smells),,Francesco Paolo Ragusa,0h05m,469c9ece77d8b682df526b3730eac1dc17ac2e37
M122,To-Do,New,Normal,"java:S3824:  ""Replace this Map.get() and condition with a call to Map.computeIfAbsent().""",MAJOR,10min,Key: AYfl9ri9d9SEFTPV557H Path: org.apache.commons_commons-compress:src/main/java/org/apache/commons/compress/harmony/pack200/CpBands.java - startLine: 177;startOffset: 33;endOffset: 63;endLine: 177,Maintenance (Code Smells),,Francesco Paolo Ragusa,0h05m,aa2fdcea640de08084647eb4da0375713c0544de
M123,To-Do,New,Normal,"java:S3824:  ""Replace this Map.get() and condition with a call to Map.computeIfAbsent().""",MAJOR,10min,Key: AYfl9ri9d9SEFTPV557E Path: org.apache.commons_commons-compress:src/main/java/org/apache/commons/compress/harmony/pack200/CpBands.java - startLine: 215;startOffset: 26;endOffset: 57;endLine: 215,Maintenance (Code Smells),,Francesco Paolo Ragusa,0h05m,c5a44c6b87629c69cbee93328104464f39720a22
M124,To-Do,New,Normal,"java:S3824:  ""Replace this Map.get() and condition with a call to Map.computeIfAbsent().""",MAJOR,10min,Key: AYfl9ri9d9SEFTPV557J Path: org.apache.commons_commons-compress:src/main/java/org/apache/commons/compress/harmony/pack200/CpBands.java - startLine: 230;startOffset: 30;endOffset: 55;endLine: 230,Maintenance (Code Smells),,Francesco Paolo Ragusa,0h05m,aa4c80b7b3f8afd3d45c0eab7608c6232dcff2ca
M125,To-Do,New,Normal,"java:S3824:  ""Replace this Map.get() and condition with a call to Map.computeIfAbsent().""",MAJOR,10min,Key: AYfl9ri9d9SEFTPV557I Path: org.apache.commons_commons-compress:src/main/java/org/apache/commons/compress/harmony/pack200/CpBands.java - startLine: 246;startOffset: 31;endOffset: 58;endLine: 246,Maintenance (Code Smells),,Francesco Paolo Ragusa,0h05m,02e92e6ee6afd60ae57b2fd393eccda78ccf4c60
M126,To-Do,New,Normal,"java:S3824:  ""Replace this Map.get() and condition with a call to Map.computeIfAbsent().""",MAJOR,10min,Key: AYfl9ri9d9SEFTPV557F Path: org.apache.commons_commons-compress:src/main/java/org/apache/commons/compress/harmony/pack200/CpBands.java - startLine: 262;startOffset: 30;endOffset: 56;endLine: 262,Maintenance (Code Smells),,Francesco Paolo Ragusa,0h05m,3b0c8bb6bc4d954a016a28589c5f1d421ee2d6b6
M127,To-Do,New,Normal,"java:S3824:  ""Replace this Map.get() and condition with a call to Map.computeIfAbsent().""",MAJOR,10min,Key: AYfl9ri9d9SEFTPV557G Path: org.apache.commons_commons-compress:src/main/java/org/apache/commons/compress/harmony/pack200/CpBands.java - startLine: 278;startOffset: 36;endOffset: 69;endLine: 278,Maintenance (Code Smells),,Francesco Paolo Ragusa,0h05m,ed83f53c3c849add3205c0f90433b728516cd351
M128,To-Do,New,Normal,"java:S3824:  ""Replace this Map.get() and condition with a call to Map.computeIfAbsent().""",MAJOR,10min,Key: AYfl9ri9d9SEFTPV557K Path: org.apache.commons_commons-compress:src/main/java/org/apache/commons/compress/harmony/pack200/CpBands.java - startLine: 346;startOffset: 24;endOffset: 49;endLine: 346,Maintenance (Code Smells),,Francesco Paolo Ragusa,0h05m,a13f59758ea1496319b91ae920ae8a6cfd0af0f7
M129,To-Do,New,Normal,"java:S3824:  ""Replace this Map.get() and condition with a call to Map.computeIfAbsent().""",MAJOR,10min,Key: AYfl9rgKd9SEFTPV551v Path: org.apache.commons_commons-compress:src/main/java/org/apache/commons/compress/harmony/unpack200/CpBands.java - startLine: 110;startOffset: 27;endOffset: 55;endLine: 110,Maintenance (Code Smells),,Francesco Paolo Ragusa,0h05m,2d9970e840b9be9bf6f1272206836d457ab16544
M130,To-Do,New,Normal,"java:S3824:  ""Replace this Map.get() and condition with a call to Map.computeIfAbsent().""",MAJOR,10min,Key: AYfl9rgKd9SEFTPV551w Path: org.apache.commons_commons-compress:src/main/java/org/apache/commons/compress/harmony/unpack200/CpBands.java - startLine: 133;startOffset: 28;endOffset: 55;endLine: 133,Maintenance (Code Smells),,Francesco Paolo Ragusa,0h05m,9363a7c6b1907f5be49f4e37d0d9ca2178da1878
M131,To-Do,New,Normal,"java:S3824:  ""Replace this Map.get() and condition with a call to Map.computeIfAbsent().""",MAJOR,10min,Key: AYfl9rgKd9SEFTPV5510 Path: org.apache.commons_commons-compress:src/main/java/org/apache/commons/compress/harmony/unpack200/CpBands.java - startLine: 148;startOffset: 26;endOffset: 49;endLine: 148,Maintenance (Code Smells),,Francesco Paolo Ragusa,0h05m,7b6a9b985fdc5f77778d10c5a2fc9fafdbe0971e
M132,To-Do,New,Normal,"java:S3824:  ""Replace this Map.get() and condition with a call to Map.computeIfAbsent().""",MAJOR,10min,Key: AYfl9rgKd9SEFTPV551x Path: org.apache.commons_commons-compress:src/main/java/org/apache/commons/compress/harmony/unpack200/CpBands.java - startLine: 163;startOffset: 30;endOffset: 57;endLine: 163,Maintenance (Code Smells),,Francesco Paolo Ragusa,0h05m,468e8008e0eb6a47d611d5195a9141f411e929f0
M133,To-Do,New,Normal,"java:S3824:  ""Replace this Map.get() and condition with a call to Map.computeIfAbsent().""",MAJOR,10min,Key: AYfl9rgKd9SEFTPV551y Path: org.apache.commons_commons-compress:src/main/java/org/apache/commons/compress/harmony/unpack200/CpBands.java - startLine: 173;startOffset: 24;endOffset: 45;endLine: 173,Maintenance (Code Smells),,Francesco Paolo Ragusa,0h05m,6d3f88812e0018f51b9701ae014e8004d327bf33
M134,To-Do,New,Normal,"java:S3824:  ""Replace this Map.get() and condition with a call to Map.computeIfAbsent().""",MAJOR,10min,Key: AYfl9rgKd9SEFTPV551t Path: org.apache.commons_commons-compress:src/main/java/org/apache/commons/compress/harmony/unpack200/CpBands.java - startLine: 188;startOffset: 38;endOffset: 81;endLine: 188,Maintenance (Code Smells),,Francesco Paolo Ragusa,0h05m,6d82d5db3f1e1d2b8ebb306259b1d03bbb557d57
M135,To-Do,New,Normal,"java:S3824:  ""Replace this Map.get() and condition with a call to Map.computeIfAbsent().""",MAJOR,10min,Key: AYfl9rgKd9SEFTPV551u Path: org.apache.commons_commons-compress:src/main/java/org/apache/commons/compress/harmony/unpack200/CpBands.java - startLine: 202;startOffset: 38;endOffset: 81;endLine: 202,Maintenance (Code Smells),,Francesco Paolo Ragusa,0h05m,643cdd34060a99da3d20d03ff3b49f1ffdd5e7cd
M136,To-Do,New,Normal,"java:S3824:  ""Replace this Map.get() and condition with a call to Map.computeIfAbsent().""",MAJOR,10min,Key: AYfl9rgKd9SEFTPV5511 Path: org.apache.commons_commons-compress:src/main/java/org/apache/commons/compress/harmony/unpack200/CpBands.java - startLine: 228;startOffset: 24;endOffset: 51;endLine: 228,Maintenance (Code Smells),,Francesco Paolo Ragusa,0h05m,51bbb786806e656cdc9b715cac0c4f90cf1fe04e
M137,To-Do,New,Normal,"java:S3824:  ""Replace this Map.get() and condition with a call to Map.computeIfAbsent().""",MAJOR,10min,Key: AYfl9rgKd9SEFTPV5512 Path: org.apache.commons_commons-compress:src/main/java/org/apache/commons/compress/harmony/unpack200/CpBands.java - startLine: 240;startOffset: 28;endOffset: 58;endLine: 240,Maintenance (Code Smells),,Francesco Paolo Ragusa,0h05m,005457448dd70b4671875bd175a8330bee3a1afb
M138,To-Do,New,Normal,"java:S3824:  ""Replace this Map.get() and condition with a call to Map.computeIfAbsent().""",MAJOR,10min,Key: AYfl9rgKd9SEFTPV551z Path: org.apache.commons_commons-compress:src/main/java/org/apache/commons/compress/harmony/unpack200/CpBands.java - startLine: 265;startOffset: 24;endOffset: 51;endLine: 265,Maintenance (Code Smells),,Francesco Paolo Ragusa,0h05m,03a2ba641c172e95479e8d078ef5ea60226a3984
M139,To-Do,New,Normal,"java:S1607:  ""Either add an explanation about why this test is skipped or remove the @Disabled annotation.""",MAJOR,10min,Key: AYfl9sC2d9SEFTPV56by Path: org.apache.commons_commons-compress:src/test/java/org/apache/commons/compress/archivers/ArTestCase.java - startLine: 328;startOffset: 16;endOffset: 43;endLine: 328,Maintenance (Code Smells),,Francesco Paolo Ragusa,rejected,
M140,To-Do,New,Normal,"java:S1607:  ""Either add an explanation about why this test is skipped or remove the @Disabled annotation.""",MAJOR,10min,Key: AYfl9sC2d9SEFTPV56bz Path: org.apache.commons_commons-compress:src/test/java/org/apache/commons/compress/archivers/ArTestCase.java - startLine: 370;startOffset: 16;endOffset: 43;endLine: 370,Maintenance (Code Smells),,Francesco Paolo Ragusa,rejected,
M141,To-Do,New,Normal,"java:S5976:  ""Replace these 6 tests with a single Parameterized one.""",MAJOR,10min,Key: AYfl9r-bd9SEFTPV56Wi Path: org.apache.commons_commons-compress:src/test/java/org/apache/commons/compress/archivers/tar/TarUtilsTest.java - startLine: 145;startOffset: 16;endOffset: 69;endLine: 145,Maintenance (Code Smells),,Francesco Paolo Ragusa,0h05m,f509e1b9752a48abdb7867c50e5c0d8bdd5f4002
M142,To-Do,New,Normal,"java:S5976:  ""Replace these 4 tests with a single Parameterized one.""",MAJOR,10min,Key: AYfl9r-bd9SEFTPV56Wj Path: org.apache.commons_commons-compress:src/test/java/org/apache/commons/compress/archivers/tar/TarUtilsTest.java - startLine: 269;startOffset: 16;endOffset: 60;endLine: 269,Maintenance (Code Smells),,Francesco Paolo Ragusa,rejected,
M143,To-Do,New,Normal,"java:S5976:  ""Replace these 3 tests with a single Parameterized one.""",MAJOR,10min,Key: AYfl9sJud9SEFTPV56jW Path: org.apache.commons_commons-compress:src/test/java/org/apache/commons/compress/changes/ChangeSetTestCase.java - startLine: 411;startOffset: 16;endOffset: 29;endLine: 411,Maintenance (Code Smells),,Francesco Paolo Ragusa,rejected,
M144,To-Do,New,Normal,"java:S5976:  ""Replace these 7 tests with a single Parameterized one.""",MAJOR,10min,Key: AYfl9r19d9SEFTPV56IK Path: org.apache.commons_commons-compress:src/test/java/org/apache/commons/compress/harmony/unpack200/tests/ArchiveTest.java - startLine: 111;startOffset: 16;endOffset: 37;endLine: 111,Maintenance (Code Smells),,Francesco Paolo Ragusa,rejected,
M145,To-Do,New,Normal,"java:S3824:  ""Replace this Map.get() and condition with a call to Map.computeIfAbsent().""",MAJOR,10min,Key: AYfl9rY2d9SEFTPV55tH Path: org.apache.commons_commons-compress:src/main/java/org/apache/commons/compress/harmony/unpack200/IcBands.java - startLine: 220;startOffset: 39;endOffset: 66;endLine: 220,Maintenance (Code Smells),,Francesco Paolo Ragusa,0h5m,fa0bf97aa26c9127923439c58fd56776f70a1aab
M146,To-Do,New,Normal,"java:S106:  ""Replace this use of System.out or System.err by a logger.""",MAJOR,10min,Key: AYfl9rwcd9SEFTPV56Fe Path: org.apache.commons_commons-compress:src/main/java/org/apache/commons/compress/archivers/Lister.java - startLine: 134;startOffset: 8;endOffset: 18;endLine: 134,Maintenance (Code Smells),,Francesco Paolo Ragusa,0h5m,777e1a1153eafd89495d17239c679afe1a72dfb6
M147,To-Do,New,Normal,"java:S106:  ""Replace this use of System.out or System.err by a logger.""",MAJOR,10min,Key: AYfl9rwcd9SEFTPV56Ff Path: org.apache.commons_commons-compress:src/main/java/org/apache/commons/compress/archivers/Lister.java - startLine: 135;startOffset: 8;endOffset: 18;endLine: 135,Maintenance (Code Smells),,Francesco Paolo Ragusa,0h5m,6cd3b542e2dbccd3e75dcc76c703c8adf8213600
M148,To-Do,New,Normal,"java:S106:  ""Replace this use of System.out or System.err by a logger.""",MAJOR,10min,Key: AYfl9rwcd9SEFTPV56FT Path: org.apache.commons_commons-compress:src/main/java/org/apache/commons/compress/archivers/Lister.java - startLine: 60;startOffset: 12;endOffset: 22;endLine: 60,Maintenance (Code Smells),,Francesco Paolo Ragusa,0h5m,4a147faffd0e4c3721dc588c163666a38a8a1488
M149,To-Do,New,Normal,"java:S106:  ""Replace this use of System.out or System.err by a logger.""",MAJOR,10min,Key: AYfl9rwcd9SEFTPV56FZ Path: org.apache.commons_commons-compress:src/main/java/org/apache/commons/compress/archivers/Lister.java - startLine: 90;startOffset: 12;endOffset: 22;endLine: 90,Maintenance (Code Smells),,Francesco Paolo Ragusa,0h5m,aee1a6f7f59091f8ba877c23fb8f2817d0fe2fda
M150,To-Do,New,Normal,"java:S106:  ""Replace this use of System.out or System.err by a logger.""",MAJOR,10min,Key: AYfl9rgYd9SEFTPV552V Path: org.apache.commons_commons-compress:src/main/java/org/apache/commons/compress/harmony/unpack200/Archive.java - startLine: 187;startOffset: 99;endOffset: 109;endLine: 187,Maintenance (Code Smells),,Francesco Paolo Ragusa,rejected,
M151,To-Do,New,Normal,"java:S106:  ""Replace this use of System.out or System.err by a logger.""",MAJOR,10min,Key: AYfl9rmSd9SEFTPV55_8 Path: org.apache.commons_commons-compress:src/main/java/org/apache/commons/compress/archivers/sevenz/CLI.java - startLine: 61;startOffset: 20;endOffset: 30;endLine: 61,Maintenance (Code Smells),,Francesco Paolo Ragusa,rejected,
M152,To-Do,New,Normal,"java:S106:  ""Replace this use of System.out or System.err by a logger.""",MAJOR,10min,Key: AYfl9rkzd9SEFTPV55-8 Path: org.apache.commons_commons-compress:src/main/java/org/apache/commons/compress/harmony/pack200/BandSet.java - startLine: 295;startOffset: 12;endOffset: 22;endLine: 295,Maintenance (Code Smells),,Francesco Paolo Ragusa,rejected,
M153,To-Do,New,Normal,"java:S127:  ""Refactor the code in order to not assign to this loop counter from within the loop body.""",MAJOR,10min,Key: AYfl9ri9d9SEFTPV557B Path: org.apache.commons_commons-compress:src/main/java/org/apache/commons/compress/harmony/pack200/CpBands.java - startLine: 308;startOffset: 32;endOffset: 33;endLine: 308,Maintenance (Code Smells),,Francesco Paolo Ragusa,0h5m,035e1b985e40c4f4151a509ddec34590381db80e
M154,To-Do,New,Normal,"java:S4042:  ""Use java.nio.file.Files#delete here for better messages on error conditions.""",MAJOR,10min,Key: AYfl9rgYd9SEFTPV552a Path: org.apache.commons_commons-compress:src/main/java/org/apache/commons/compress/harmony/unpack200/Archive.java - startLine: 226;startOffset: 31;endOffset: 37;endLine: 226,Maintenance (Code Smells),,Francesco Paolo Ragusa,0h5m,1e79c150d46b404b874935e4b31f45eb780a90d5
M155,To-Do,New,Normal,"java:S127:  ""Refactor the code in order to not assign to this loop counter from within the loop body.""",MAJOR,10min,Key: AYfl9rfQd9SEFTPV55zn Path: org.apache.commons_commons-compress:src/main/java/org/apache/commons/compress/harmony/unpack200/BcBands.java - startLine: 360;startOffset: 28;endOffset: 29;endLine: 360,Maintenance (Code Smells),,Francesco Paolo Ragusa,rejected,
M156,To-Do,New,Normal,"java:S127:  ""Refactor the code in order to not assign to this loop counter from within the loop body.""",MAJOR,10min,Key: AYfl9rZNd9SEFTPV55tM Path: org.apache.commons_commons-compress:src/main/java/org/apache/commons/compress/harmony/unpack200/bytecode/ClassFile.java - startLine: 51;startOffset: 16;endOffset: 17;endLine: 51,Maintenance (Code Smells),,Francesco Paolo Ragusa,rejected,
M157,To-Do,New,Normal,"java:S127:  ""Refactor the code in order to not assign to this loop counter from within the loop body.""",MAJOR,10min,Key: AYfl9rcjd9SEFTPV55x8 Path: org.apache.commons_commons-compress:src/main/java/org/apache/commons/compress/harmony/unpack200/bytecode/CodeAttribute.java - startLine: 78;startOffset: 16;endOffset: 17;endLine: 78,Maintenance (Code Smells),,Francesco Paolo Ragusa,rejected,
M158,To-Do,New,Normal,"java:S106:  ""Replace this use of System.out or System.err by a logger.""",MAJOR,10min,Key: AYfl9rmSd9SEFTPV55__ Path: org.apache.commons_commons-compress:src/main/java/org/apache/commons/compress/archivers/sevenz/CLI.java - startLine: 106;startOffset: 8;endOffset: 18;endLine: 106,Maintenance (Code Smells),,Francesco Paolo Ragusa,0h5m,e28d3ae691523ef2b51064f22871083611241ef8
M159,To-Do,New,Normal,"java:S106:  ""Replace this use of System.out or System.err by a logger.""",MAJOR,10min,Key: AYfl9rwcd9SEFTPV56FU Path: org.apache.commons_commons-compress:src/main/java/org/apache/commons/compress/archivers/Lister.java - startLine: 65;startOffset: 16;endOffset: 26;endLine: 65,Maintenance (Code Smells),,Francesco Paolo Ragusa,0h5m,e9fe94d05212a981f239fc6002d00134e812b83f
M160,To-Do,New,Normal,"java:S106:  ""Replace this use of System.out or System.err by a logger.""",MAJOR,10min,Key: AYfl9rwcd9SEFTPV56Fa Path: org.apache.commons_commons-compress:src/main/java/org/apache/commons/compress/archivers/Lister.java - startLine: 92;startOffset: 16;endOffset: 26;endLine: 92,Maintenance (Code Smells),,Francesco Paolo Ragusa,0h5m,158f4d437389c861aad1efc11a27eb9efada8809
M161,To-Do,New,Normal,"java:S106:  ""Replace this use of System.out or System.err by a logger.""",MAJOR,10min,Key: AYfl9rwcd9SEFTPV56Fd Path: org.apache.commons_commons-compress:src/main/java/org/apache/commons/compress/archivers/Lister.java - startLine: 133;startOffset: 8;endOffset: 18;endLine: 133,Maintenance (Code Smells),,Francesco Paolo Ragusa,0h5m,2e4d6e9533da95afe6cf42f6eebc956eef306bfe
M162,To-Do,New,Normal,"java:S1700:  ""Rename field serviceLoaderIterator""",MAJOR,10min,Key: AYfl9ryDd9SEFTPV56Fr Path: org.apache.commons_commons-compress:src/main/java/org/apache/commons/compress/utils/ServiceLoaderIterator.java - startLine: 41;startOffset: 30;endOffset: 51;endLine: 41,Maintenance (Code Smells),,Francesco Paolo Ragusa,0h5m,0389dcb5e1a7abe7ba82f452136cc48f77ec103f
M163,To-Do,New,Normal,"java:S106:  ""Replace this use of System.out or System.err by a logger.""",MAJOR,10min,Key: AYfl9rmSd9SEFTPV55_2 Path: org.apache.commons_commons-compress:src/main/java/org/apache/commons/compress/archivers/sevenz/CLI.java - startLine: 47;startOffset: 16;endOffset: 26;endLine: 47,Maintenance (Code Smells),,Francesco Paolo Ragusa,0h5m,56cd891eb5b5cdec2fb6137c08c335670e4b5ed7
M164,To-Do,New,Normal,"java:S106:  ""Replace this use of System.out or System.err by a logger.""",MAJOR,10min,Key: AYfl9rmSd9SEFTPV55_3 Path: org.apache.commons_commons-compress:src/main/java/org/apache/commons/compress/archivers/sevenz/CLI.java - startLine: 49;startOffset: 20;endOffset: 30;endLine: 49,Maintenance (Code Smells),,Francesco Paolo Ragusa,0h5m,c48928cbe5b3d22e5190c07fe288d22b5b1901bb
M165,To-Do,New,Normal,"java:S106:  ""Replace this use of System.out or System.err by a logger.""",MAJOR,10min,Key: AYfl9rmSd9SEFTPV55_5 Path: org.apache.commons_commons-compress:src/main/java/org/apache/commons/compress/archivers/sevenz/CLI.java - startLine: 54;startOffset: 20;endOffset: 30;endLine: 54,Maintenance (Code Smells),,Francesco Paolo Ragusa,0h5m,b25809b6ae5d9f576940d8585e53b57f2d1ca6a4
M166,To-Do,New,Normal,"java:S106:  ""Replace this use of System.out or System.err by a logger.""",MAJOR,10min,Key: AYfl9rmSd9SEFTPV55_6 Path: org.apache.commons_commons-compress:src/main/java/org/apache/commons/compress/archivers/sevenz/CLI.java - startLine: 56;startOffset: 20;endOffset: 30;endLine: 56,Maintenance (Code Smells),,Francesco Paolo Ragusa,0h5m,b2e6afbc54d137349492cbc3a100ebc4d6c48077
M167,To-Do,New,Normal,"java:S106:  ""Replace this use of System.out or System.err by a logger.""",MAJOR,10min,Key: AYfl9rmSd9SEFTPV55_7 Path: org.apache.commons_commons-compress:src/main/java/org/apache/commons/compress/archivers/sevenz/CLI.java - startLine: 59;startOffset: 20;endOffset: 30;endLine: 59,Maintenance (Code Smells),,Francesco Paolo Ragusa,0h5m,25c991d44982831aa41907a08a9b9f94227ae18a
M168,To-Do,New,Normal,"java:S106:  ""Replace this use of System.out or System.err by a logger.""",MAJOR,10min,Key: AYfl9rmSd9SEFTPV55_9 Path: org.apache.commons_commons-compress:src/main/java/org/apache/commons/compress/archivers/sevenz/CLI.java - startLine: 92;startOffset: 8;endOffset: 18;endLine: 92,Maintenance (Code Smells),,Francesco Paolo Ragusa,0h5m,b056b96b578e46ea84cf45e41f46ad03db5b33ae
M169,To-Do,New,Normal,"java:S106:  ""Replace this use of System.out or System.err by a logger.""",MAJOR,10min,Key: AYfl9rmSd9SEFTPV55_- Path: org.apache.commons_commons-compress:src/main/java/org/apache/commons/compress/archivers/sevenz/CLI.java - startLine: 95;startOffset: 12;endOffset: 22;endLine: 95,Maintenance (Code Smells),,Francesco Paolo Ragusa,0h5m,4a8eeb7c1d919c475fb27f2159280ab0069b7f90
M170,To-Do,New,Normal,"java:S127:  ""Refactor the code in order to not assign to this loop counter from within the loop body.""",MAJOR,10min,Key: AYfl9rT3d9SEFTPV55q- Path: org.apache.commons_commons-compress:src/main/java/org/apache/commons/compress/compressors/bzip2/BlockSort.java - startLine: 758;startOffset: 57;endOffset: 58;endLine: 758,Maintenance (Code Smells),,Francesco Paolo Ragusa,rejected,
M171,To-Do,New,Normal,"java:S127:  ""Refactor the code in order to not assign to this loop counter from within the loop body.""",MAJOR,10min,Key: AYfl9rT3d9SEFTPV55q_ Path: org.apache.commons_commons-compress:src/main/java/org/apache/commons/compress/compressors/bzip2/BlockSort.java - startLine: 969;startOffset: 12;endOffset: 13;endLine: 969,Maintenance (Code Smells),,Francesco Paolo Ragusa,rejected,
M172,To-Do,New,Normal,"java:S1871:  ""This case's code block is the same as the block for the case on line 246.""",MAJOR,10min,Key: AYfl9rtKd9SEFTPV56EB Path: org.apache.commons_commons-compress:src/main/java/org/apache/commons/compress/archivers/cpio/CpioArchiveEntry.java - startLine: 250;startOffset: 8;endOffset: 18;endLine: 253,Maintenance (Code Smells),,Francesco Paolo Ragusa,0h5m,1a0b54b4f70720c891c9776171ea4bf0d5a545ba
M173,To-Do,New,Normal,"java:S127:  ""Refactor the code in order to not assign to this loop counter from within the loop body.""",MAJOR,10min,Key: AYfl9rTRd9SEFTPV55p_ Path: org.apache.commons_commons-compress:src/main/java/org/apache/commons/compress/compressors/bzip2/BZip2CompressorOutputStream.java - startLine: 249;startOffset: 12;endOffset: 19;endLine: 249,Maintenance (Code Smells),,Francesco Paolo Ragusa,rejected,
M174,To-Do,New,Normal,"java:S127:  ""Refactor the code in order to not assign to this loop counter from within the loop body.""",MAJOR,10min,Key: AYfl9rTRd9SEFTPV55qA Path: org.apache.commons_commons-compress:src/main/java/org/apache/commons/compress/compressors/bzip2/BZip2CompressorOutputStream.java - startLine: 367;startOffset: 20;endOffset: 27;endLine: 367,Maintenance (Code Smells),,Francesco Paolo Ragusa,rejected,
M175,To-Do,New,Normal,"java:S127:  ""Refactor the code in order to not assign to this loop counter from within the loop body.""",MAJOR,10min,Key: AYfl9rTRd9SEFTPV55qB Path: org.apache.commons_commons-compress:src/main/java/org/apache/commons/compress/compressors/bzip2/BZip2CompressorOutputStream.java - startLine: 920;startOffset: 24;endOffset: 26;endLine: 920,Maintenance (Code Smells),,Francesco Paolo Ragusa,rejected,
M176,To-Do,New,Normal,"java:S127:  ""Refactor the code in order to not assign to this loop counter from within the loop body.""",MAJOR,10min,Key: AYfl9rTRd9SEFTPV55qD Path: org.apache.commons_commons-compress:src/main/java/org/apache/commons/compress/compressors/bzip2/BZip2CompressorOutputStream.java - startLine: 1185;startOffset: 16;endOffset: 18;endLine: 1185,Maintenance (Code Smells),,Francesco Paolo Ragusa,rejected,
M177,To-Do,New,Normal,"java:S127:  ""Refactor the code in order to not assign to this loop counter from within the loop body.""",MAJOR,10min,Key: AYfl9rUZd9SEFTPV55rv Path: org.apache.commons_commons-compress:src/main/java/org/apache/commons/compress/compressors/bzip2/BZip2CompressorInputStream.java - startLine: 843;startOffset: 12;endOffset: 13;endLine: 843,Maintenance (Code Smells),,Francesco Paolo Ragusa,rejected,
M178,To-Do,New,Normal,"java:S127:  ""Refactor the code in order to not assign to this loop counter from within the loop body.""",MAJOR,10min,Key: AYfl9rTRd9SEFTPV55qC Path: org.apache.commons_commons-compress:src/main/java/org/apache/commons/compress/compressors/bzip2/BZip2CompressorOutputStream.java - startLine: 937;startOffset: 16;endOffset: 18;endLine: 937,Maintenance (Code Smells),,Francesco Paolo Ragusa,rejected,
M179,To-Do,New,Normal,"java:S127:  ""Refactor the code in order to not assign to this loop counter from within the loop body.""",MAJOR,10min,Key: AYfl9rTRd9SEFTPV55qE Path: org.apache.commons_commons-compress:src/main/java/org/apache/commons/compress/compressors/bzip2/BZip2CompressorOutputStream.java - startLine: 1188;startOffset: 12;endOffset: 14;endLine: 1188,Maintenance (Code Smells),,Francesco Paolo Ragusa,rejected,