Tracker,Status,Priority,Subject,Category,Estimated time,Description,Caratteristica di riferimento
To-Do,New,Normal,"java:S1994:  ""Move the update of len into this loop's update clause.""",CRITICAL,20min,Key: AYfl9rvId9SEFTPV56Eh Path: org.apache.commons_commons-compress:src/main/java/org/apache/commons/compress/archivers/tar/TarUtils.java - startLine: 518;startOffset: 8;endOffset: 11;endLine: 518,Maintenance (Code Smells)
To-Do,New,Normal,"java:S1452:  ""Remove usage of generic wildcard type.""",CRITICAL,20min,Key: AYfl9ri9d9SEFTPV557X Path: org.apache.commons_commons-compress:src/main/java/org/apache/commons/compress/harmony/pack200/CpBands.java - startLine: 176;startOffset: 22;endOffset: 23;endLine: 176,Maintenance (Code Smells)
To-Do,New,Normal,"java:S1113:  ""Do not override the Object.finalize() method.""",CRITICAL,20min,Key: AYfl9rrid9SEFTPV56C6 Path: org.apache.commons_commons-compress:src/main/java/org/apache/commons/compress/archivers/zip/ZipFile.java - startLine: 809;startOffset: 19;endOffset: 27;endLine: 809,Maintenance (Code Smells)
To-Do,New,Normal,"java:S1452:  ""Remove usage of generic wildcard type.""",CRITICAL,20min,Key: AYfl9rmod9SEFTPV56Ai Path: org.apache.commons_commons-compress:src/main/java/org/apache/commons/compress/archivers/sevenz/SevenZArchiveEntry.java - startLine: 208;startOffset: 20;endOffset: 21;endLine: 208,Maintenance (Code Smells)
To-Do,New,Normal,"java:S2390:  ""Remove this reference to ShortForm.""",CRITICAL,20min,Key: AYfl9rbKd9SEFTPV55uB Path: org.apache.commons_commons-compress:src/main/java/org/apache/commons/compress/harmony/unpack200/bytecode/forms/ByteCodeForm.java - startLine: 51;startOffset: 32;endOffset: 41;endLine: 51,Maintenance (Code Smells)
To-Do,New,Normal,"java:S2390:  ""Remove this reference to StringRefForm.""",CRITICAL,20min,Key: AYfl9rbKd9SEFTPV55uD Path: org.apache.commons_commons-compress:src/main/java/org/apache/commons/compress/harmony/unpack200/bytecode/forms/ByteCodeForm.java - startLine: 53;startOffset: 32;endOffset: 45;endLine: 53,Maintenance (Code Smells)
To-Do,New,Normal,"java:S2390:  ""Remove this reference to IincForm.""",CRITICAL,20min,Key: AYfl9rbKd9SEFTPV55v0 Path: org.apache.commons_commons-compress:src/main/java/org/apache/commons/compress/harmony/unpack200/bytecode/forms/ByteCodeForm.java - startLine: 166;startOffset: 33;endOffset: 41;endLine: 166,Maintenance (Code Smells)
To-Do,New,Normal,"java:S2390:  ""Remove this reference to LabelForm.""",CRITICAL,20min,Key: AYfl9rbKd9SEFTPV55wJ Path: org.apache.commons_commons-compress:src/main/java/org/apache/commons/compress/harmony/unpack200/bytecode/forms/ByteCodeForm.java - startLine: 187;startOffset: 33;endOffset: 42;endLine: 187,Maintenance (Code Smells)
To-Do,New,Normal,"java:S2390:  ""Remove this reference to LabelForm.""",CRITICAL,20min,Key: AYfl9rbKd9SEFTPV55wK Path: org.apache.commons_commons-compress:src/main/java/org/apache/commons/compress/harmony/unpack200/bytecode/forms/ByteCodeForm.java - startLine: 188;startOffset: 33;endOffset: 42;endLine: 188,Maintenance (Code Smells)
To-Do,New,Normal,"java:S2390:  ""Remove this reference to LabelForm.""",CRITICAL,20min,Key: AYfl9rbKd9SEFTPV55wL Path: org.apache.commons_commons-compress:src/main/java/org/apache/commons/compress/harmony/unpack200/bytecode/forms/ByteCodeForm.java - startLine: 189;startOffset: 33;endOffset: 42;endLine: 189,Maintenance (Code Smells)
To-Do,New,Normal,"java:S2390:  ""Remove this reference to LabelForm.""",CRITICAL,20min,Key: AYfl9rbKd9SEFTPV55wM Path: org.apache.commons_commons-compress:src/main/java/org/apache/commons/compress/harmony/unpack200/bytecode/forms/ByteCodeForm.java - startLine: 190;startOffset: 33;endOffset: 42;endLine: 190,Maintenance (Code Smells)
To-Do,New,Normal,"java:S2390:  ""Remove this reference to LabelForm.""",CRITICAL,20min,Key: AYfl9rbKd9SEFTPV55wN Path: org.apache.commons_commons-compress:src/main/java/org/apache/commons/compress/harmony/unpack200/bytecode/forms/ByteCodeForm.java - startLine: 191;startOffset: 33;endOffset: 42;endLine: 191,Maintenance (Code Smells)
To-Do,New,Normal,"java:S2390:  ""Remove this reference to LabelForm.""",CRITICAL,20min,Key: AYfl9rbKd9SEFTPV55wO Path: org.apache.commons_commons-compress:src/main/java/org/apache/commons/compress/harmony/unpack200/bytecode/forms/ByteCodeForm.java - startLine: 192;startOffset: 33;endOffset: 42;endLine: 192,Maintenance (Code Smells)
To-Do,New,Normal,"java:S2390:  ""Remove this reference to LabelForm.""",CRITICAL,20min,Key: AYfl9rbKd9SEFTPV55wP Path: org.apache.commons_commons-compress:src/main/java/org/apache/commons/compress/harmony/unpack200/bytecode/forms/ByteCodeForm.java - startLine: 193;startOffset: 33;endOffset: 42;endLine: 193,Maintenance (Code Smells)
To-Do,New,Normal,"java:S2390:  ""Remove this reference to LabelForm.""",CRITICAL,20min,Key: AYfl9rbKd9SEFTPV55wQ Path: org.apache.commons_commons-compress:src/main/java/org/apache/commons/compress/harmony/unpack200/bytecode/forms/ByteCodeForm.java - startLine: 194;startOffset: 33;endOffset: 42;endLine: 194,Maintenance (Code Smells)
To-Do,New,Normal,"java:S2390:  ""Remove this reference to LabelForm.""",CRITICAL,20min,Key: AYfl9rbKd9SEFTPV55wR Path: org.apache.commons_commons-compress:src/main/java/org/apache/commons/compress/harmony/unpack200/bytecode/forms/ByteCodeForm.java - startLine: 195;startOffset: 33;endOffset: 42;endLine: 195,Maintenance (Code Smells)
To-Do,New,Normal,"java:S2390:  ""Remove this reference to LabelForm.""",CRITICAL,20min,Key: AYfl9rbKd9SEFTPV55wS Path: org.apache.commons_commons-compress:src/main/java/org/apache/commons/compress/harmony/unpack200/bytecode/forms/ByteCodeForm.java - startLine: 196;startOffset: 33;endOffset: 42;endLine: 196,Maintenance (Code Smells)
To-Do,New,Normal,"java:S2390:  ""Remove this reference to LabelForm.""",CRITICAL,20min,Key: AYfl9rbKd9SEFTPV55wT Path: org.apache.commons_commons-compress:src/main/java/org/apache/commons/compress/harmony/unpack200/bytecode/forms/ByteCodeForm.java - startLine: 197;startOffset: 33;endOffset: 42;endLine: 197,Maintenance (Code Smells)
To-Do,New,Normal,"java:S2390:  ""Remove this reference to LabelForm.""",CRITICAL,20min,Key: AYfl9rbKd9SEFTPV55wU Path: org.apache.commons_commons-compress:src/main/java/org/apache/commons/compress/harmony/unpack200/bytecode/forms/ByteCodeForm.java - startLine: 198;startOffset: 33;endOffset: 42;endLine: 198,Maintenance (Code Smells)
To-Do,New,Normal,"java:S2390:  ""Remove this reference to LabelForm.""",CRITICAL,20min,Key: AYfl9rbKd9SEFTPV55wV Path: org.apache.commons_commons-compress:src/main/java/org/apache/commons/compress/harmony/unpack200/bytecode/forms/ByteCodeForm.java - startLine: 199;startOffset: 33;endOffset: 42;endLine: 199,Maintenance (Code Smells)
To-Do,New,Normal,"java:S2390:  ""Remove this reference to LabelForm.""",CRITICAL,20min,Key: AYfl9rbKd9SEFTPV55wW Path: org.apache.commons_commons-compress:src/main/java/org/apache/commons/compress/harmony/unpack200/bytecode/forms/ByteCodeForm.java - startLine: 200;startOffset: 33;endOffset: 42;endLine: 200,Maintenance (Code Smells)
To-Do,New,Normal,"java:S2390:  ""Remove this reference to LabelForm.""",CRITICAL,20min,Key: AYfl9rbKd9SEFTPV55wX Path: org.apache.commons_commons-compress:src/main/java/org/apache/commons/compress/harmony/unpack200/bytecode/forms/ByteCodeForm.java - startLine: 201;startOffset: 33;endOffset: 42;endLine: 201,Maintenance (Code Smells)
To-Do,New,Normal,"java:S2390:  ""Remove this reference to LabelForm.""",CRITICAL,20min,Key: AYfl9rbKd9SEFTPV55wY Path: org.apache.commons_commons-compress:src/main/java/org/apache/commons/compress/harmony/unpack200/bytecode/forms/ByteCodeForm.java - startLine: 202;startOffset: 33;endOffset: 42;endLine: 202,Maintenance (Code Smells)
To-Do,New,Normal,"java:S2390:  ""Remove this reference to FieldRefForm.""",CRITICAL,20min,Key: AYfl9rbKd9SEFTPV55wi Path: org.apache.commons_commons-compress:src/main/java/org/apache/commons/compress/harmony/unpack200/bytecode/forms/ByteCodeForm.java - startLine: 212;startOffset: 33;endOffset: 45;endLine: 212,Maintenance (Code Smells)
To-Do,New,Normal,"java:S2390:  ""Remove this reference to FieldRefForm.""",CRITICAL,20min,Key: AYfl9rbKd9SEFTPV55wj Path: org.apache.commons_commons-compress:src/main/java/org/apache/commons/compress/harmony/unpack200/bytecode/forms/ByteCodeForm.java - startLine: 213;startOffset: 33;endOffset: 45;endLine: 213,Maintenance (Code Smells)
To-Do,New,Normal,"java:S2390:  ""Remove this reference to FieldRefForm.""",CRITICAL,20min,Key: AYfl9rbKd9SEFTPV55wk Path: org.apache.commons_commons-compress:src/main/java/org/apache/commons/compress/harmony/unpack200/bytecode/forms/ByteCodeForm.java - startLine: 214;startOffset: 33;endOffset: 45;endLine: 214,Maintenance (Code Smells)
To-Do,New,Normal,"java:S2390:  ""Remove this reference to FieldRefForm.""",CRITICAL,20min,Key: AYfl9rbKd9SEFTPV55wl Path: org.apache.commons_commons-compress:src/main/java/org/apache/commons/compress/harmony/unpack200/bytecode/forms/ByteCodeForm.java - startLine: 215;startOffset: 33;endOffset: 45;endLine: 215,Maintenance (Code Smells)
To-Do,New,Normal,"java:S2390:  ""Remove this reference to MethodRefForm.""",CRITICAL,20min,Key: AYfl9rbKd9SEFTPV55wm Path: org.apache.commons_commons-compress:src/main/java/org/apache/commons/compress/harmony/unpack200/bytecode/forms/ByteCodeForm.java - startLine: 216;startOffset: 33;endOffset: 46;endLine: 216,Maintenance (Code Smells)
To-Do,New,Normal,"java:S2390:  ""Remove this reference to MethodRefForm.""",CRITICAL,20min,Key: AYfl9rbKd9SEFTPV55wn Path: org.apache.commons_commons-compress:src/main/java/org/apache/commons/compress/harmony/unpack200/bytecode/forms/ByteCodeForm.java - startLine: 217;startOffset: 33;endOffset: 46;endLine: 217,Maintenance (Code Smells)
To-Do,New,Normal,"java:S2390:  ""Remove this reference to MethodRefForm.""",CRITICAL,20min,Key: AYfl9rbKd9SEFTPV55wo Path: org.apache.commons_commons-compress:src/main/java/org/apache/commons/compress/harmony/unpack200/bytecode/forms/ByteCodeForm.java - startLine: 218;startOffset: 33;endOffset: 46;endLine: 218,Maintenance (Code Smells)
To-Do,New,Normal,"java:S2390:  ""Remove this reference to IMethodRefForm.""",CRITICAL,20min,Key: AYfl9rbKd9SEFTPV55wp Path: org.apache.commons_commons-compress:src/main/java/org/apache/commons/compress/harmony/unpack200/bytecode/forms/ByteCodeForm.java - startLine: 219;startOffset: 33;endOffset: 47;endLine: 219,Maintenance (Code Smells)
To-Do,New,Normal,"java:S2390:  ""Remove this reference to NewClassRefForm.""",CRITICAL,20min,Key: AYfl9rbKd9SEFTPV55wr Path: org.apache.commons_commons-compress:src/main/java/org/apache/commons/compress/harmony/unpack200/bytecode/forms/ByteCodeForm.java - startLine: 221;startOffset: 33;endOffset: 48;endLine: 221,Maintenance (Code Smells)
To-Do,New,Normal,"java:S2390:  ""Remove this reference to ByteForm.""",CRITICAL,20min,Key: AYfl9rbKd9SEFTPV55ws Path: org.apache.commons_commons-compress:src/main/java/org/apache/commons/compress/harmony/unpack200/bytecode/forms/ByteCodeForm.java - startLine: 222;startOffset: 33;endOffset: 41;endLine: 222,Maintenance (Code Smells)
To-Do,New,Normal,"java:S2390:  ""Remove this reference to ClassRefForm.""",CRITICAL,20min,Key: AYfl9rbKd9SEFTPV55wt Path: org.apache.commons_commons-compress:src/main/java/org/apache/commons/compress/harmony/unpack200/bytecode/forms/ByteCodeForm.java - startLine: 223;startOffset: 33;endOffset: 45;endLine: 223,Maintenance (Code Smells)
To-Do,New,Normal,"java:S2390:  ""Remove this reference to ClassRefForm.""",CRITICAL,20min,Key: AYfl9rbKd9SEFTPV55ww Path: org.apache.commons_commons-compress:src/main/java/org/apache/commons/compress/harmony/unpack200/bytecode/forms/ByteCodeForm.java - startLine: 226;startOffset: 33;endOffset: 45;endLine: 226,Maintenance (Code Smells)
To-Do,New,Normal,"java:S2390:  ""Remove this reference to ClassRefForm.""",CRITICAL,20min,Key: AYfl9rbKd9SEFTPV55wx Path: org.apache.commons_commons-compress:src/main/java/org/apache/commons/compress/harmony/unpack200/bytecode/forms/ByteCodeForm.java - startLine: 227;startOffset: 33;endOffset: 45;endLine: 227,Maintenance (Code Smells)
To-Do,New,Normal,"java:S2390:  ""Remove this reference to MultiANewArrayForm.""",CRITICAL,20min,Key: AYfl9rbKd9SEFTPV55w1 Path: org.apache.commons_commons-compress:src/main/java/org/apache/commons/compress/harmony/unpack200/bytecode/forms/ByteCodeForm.java - startLine: 231;startOffset: 33;endOffset: 51;endLine: 231,Maintenance (Code Smells)
To-Do,New,Normal,"java:S2390:  ""Remove this reference to LabelForm.""",CRITICAL,20min,Key: AYfl9rbKd9SEFTPV55w2 Path: org.apache.commons_commons-compress:src/main/java/org/apache/commons/compress/harmony/unpack200/bytecode/forms/ByteCodeForm.java - startLine: 232;startOffset: 33;endOffset: 42;endLine: 232,Maintenance (Code Smells)
To-Do,New,Normal,"java:S2390:  ""Remove this reference to LabelForm.""",CRITICAL,20min,Key: AYfl9rbKd9SEFTPV55w3 Path: org.apache.commons_commons-compress:src/main/java/org/apache/commons/compress/harmony/unpack200/bytecode/forms/ByteCodeForm.java - startLine: 233;startOffset: 33;endOffset: 42;endLine: 233,Maintenance (Code Smells)
To-Do,New,Normal,"java:S2390:  ""Remove this reference to LabelForm.""",CRITICAL,20min,Key: AYfl9rbKd9SEFTPV55w4 Path: org.apache.commons_commons-compress:src/main/java/org/apache/commons/compress/harmony/unpack200/bytecode/forms/ByteCodeForm.java - startLine: 234;startOffset: 33;endOffset: 42;endLine: 234,Maintenance (Code Smells)
To-Do,New,Normal,"java:S2390:  ""Remove this reference to LabelForm.""",CRITICAL,20min,Key: AYfl9rbKd9SEFTPV55w5 Path: org.apache.commons_commons-compress:src/main/java/org/apache/commons/compress/harmony/unpack200/bytecode/forms/ByteCodeForm.java - startLine: 235;startOffset: 33;endOffset: 42;endLine: 235,Maintenance (Code Smells)
To-Do,New,Normal,"java:S2390:  ""Remove this reference to ThisFieldRefForm.""",CRITICAL,20min,Key: AYfl9rbKd9SEFTPV55w6 Path: org.apache.commons_commons-compress:src/main/java/org/apache/commons/compress/harmony/unpack200/bytecode/forms/ByteCodeForm.java - startLine: 238;startOffset: 33;endOffset: 49;endLine: 238,Maintenance (Code Smells)
To-Do,New,Normal,"java:S2390:  ""Remove this reference to ThisFieldRefForm.""",CRITICAL,20min,Key: AYfl9rbKd9SEFTPV55w7 Path: org.apache.commons_commons-compress:src/main/java/org/apache/commons/compress/harmony/unpack200/bytecode/forms/ByteCodeForm.java - startLine: 239;startOffset: 33;endOffset: 49;endLine: 239,Maintenance (Code Smells)
To-Do,New,Normal,"java:S2390:  ""Remove this reference to ThisFieldRefForm.""",CRITICAL,20min,Key: AYfl9rbKd9SEFTPV55w8 Path: org.apache.commons_commons-compress:src/main/java/org/apache/commons/compress/harmony/unpack200/bytecode/forms/ByteCodeForm.java - startLine: 240;startOffset: 33;endOffset: 49;endLine: 240,Maintenance (Code Smells)
To-Do,New,Normal,"java:S2390:  ""Remove this reference to ThisFieldRefForm.""",CRITICAL,20min,Key: AYfl9rbKd9SEFTPV55w9 Path: org.apache.commons_commons-compress:src/main/java/org/apache/commons/compress/harmony/unpack200/bytecode/forms/ByteCodeForm.java - startLine: 241;startOffset: 33;endOffset: 49;endLine: 241,Maintenance (Code Smells)
To-Do,New,Normal,"java:S2390:  ""Remove this reference to ThisMethodRefForm.""",CRITICAL,20min,Key: AYfl9rbKd9SEFTPV55w- Path: org.apache.commons_commons-compress:src/main/java/org/apache/commons/compress/harmony/unpack200/bytecode/forms/ByteCodeForm.java - startLine: 242;startOffset: 33;endOffset: 50;endLine: 242,Maintenance (Code Smells)
To-Do,New,Normal,"java:S2390:  ""Remove this reference to ThisMethodRefForm.""",CRITICAL,20min,Key: AYfl9rbKd9SEFTPV55w_ Path: org.apache.commons_commons-compress:src/main/java/org/apache/commons/compress/harmony/unpack200/bytecode/forms/ByteCodeForm.java - startLine: 243;startOffset: 33;endOffset: 50;endLine: 243,Maintenance (Code Smells)
To-Do,New,Normal,"java:S2390:  ""Remove this reference to ThisMethodRefForm.""",CRITICAL,20min,Key: AYfl9rbKd9SEFTPV55xA Path: org.apache.commons_commons-compress:src/main/java/org/apache/commons/compress/harmony/unpack200/bytecode/forms/ByteCodeForm.java - startLine: 244;startOffset: 33;endOffset: 50;endLine: 244,Maintenance (Code Smells)
To-Do,New,Normal,"java:S2390:  ""Remove this reference to ThisFieldRefForm.""",CRITICAL,20min,Key: AYfl9rbKd9SEFTPV55xB Path: org.apache.commons_commons-compress:src/main/java/org/apache/commons/compress/harmony/unpack200/bytecode/forms/ByteCodeForm.java - startLine: 245;startOffset: 33;endOffset: 49;endLine: 245,Maintenance (Code Smells)
To-Do,New,Normal,"java:S2390:  ""Remove this reference to ThisFieldRefForm.""",CRITICAL,20min,Key: AYfl9rbKd9SEFTPV55xC Path: org.apache.commons_commons-compress:src/main/java/org/apache/commons/compress/harmony/unpack200/bytecode/forms/ByteCodeForm.java - startLine: 246;startOffset: 33;endOffset: 49;endLine: 246,Maintenance (Code Smells)
To-Do,New,Normal,"java:S2390:  ""Remove this reference to ThisFieldRefForm.""",CRITICAL,20min,Key: AYfl9rbKd9SEFTPV55xD Path: org.apache.commons_commons-compress:src/main/java/org/apache/commons/compress/harmony/unpack200/bytecode/forms/ByteCodeForm.java - startLine: 247;startOffset: 33;endOffset: 49;endLine: 247,Maintenance (Code Smells)
To-Do,New,Normal,"java:S2390:  ""Remove this reference to ThisFieldRefForm.""",CRITICAL,20min,Key: AYfl9rbKd9SEFTPV55xE Path: org.apache.commons_commons-compress:src/main/java/org/apache/commons/compress/harmony/unpack200/bytecode/forms/ByteCodeForm.java - startLine: 248;startOffset: 33;endOffset: 49;endLine: 248,Maintenance (Code Smells)
To-Do,New,Normal,"java:S2390:  ""Remove this reference to ThisMethodRefForm.""",CRITICAL,20min,Key: AYfl9rbKd9SEFTPV55xF Path: org.apache.commons_commons-compress:src/main/java/org/apache/commons/compress/harmony/unpack200/bytecode/forms/ByteCodeForm.java - startLine: 249;startOffset: 33;endOffset: 50;endLine: 249,Maintenance (Code Smells)
To-Do,New,Normal,"java:S2390:  ""Remove this reference to ThisMethodRefForm.""",CRITICAL,20min,Key: AYfl9rbKd9SEFTPV55xG Path: org.apache.commons_commons-compress:src/main/java/org/apache/commons/compress/harmony/unpack200/bytecode/forms/ByteCodeForm.java - startLine: 250;startOffset: 33;endOffset: 50;endLine: 250,Maintenance (Code Smells)
To-Do,New,Normal,"java:S2390:  ""Remove this reference to ThisMethodRefForm.""",CRITICAL,20min,Key: AYfl9rbKd9SEFTPV55xH Path: org.apache.commons_commons-compress:src/main/java/org/apache/commons/compress/harmony/unpack200/bytecode/forms/ByteCodeForm.java - startLine: 251;startOffset: 33;endOffset: 50;endLine: 251,Maintenance (Code Smells)
To-Do,New,Normal,"java:S2390:  ""Remove this reference to SuperFieldRefForm.""",CRITICAL,20min,Key: AYfl9rbKd9SEFTPV55xI Path: org.apache.commons_commons-compress:src/main/java/org/apache/commons/compress/harmony/unpack200/bytecode/forms/ByteCodeForm.java - startLine: 252;startOffset: 33;endOffset: 50;endLine: 252,Maintenance (Code Smells)
To-Do,New,Normal,"java:S2390:  ""Remove this reference to SuperFieldRefForm.""",CRITICAL,20min,Key: AYfl9rbKd9SEFTPV55xJ Path: org.apache.commons_commons-compress:src/main/java/org/apache/commons/compress/harmony/unpack200/bytecode/forms/ByteCodeForm.java - startLine: 253;startOffset: 33;endOffset: 50;endLine: 253,Maintenance (Code Smells)
To-Do,New,Normal,"java:S2390:  ""Remove this reference to SuperFieldRefForm.""",CRITICAL,20min,Key: AYfl9rbKd9SEFTPV55xK Path: org.apache.commons_commons-compress:src/main/java/org/apache/commons/compress/harmony/unpack200/bytecode/forms/ByteCodeForm.java - startLine: 254;startOffset: 33;endOffset: 50;endLine: 254,Maintenance (Code Smells)
To-Do,New,Normal,"java:S2390:  ""Remove this reference to SuperFieldRefForm.""",CRITICAL,20min,Key: AYfl9rbKd9SEFTPV55xL Path: org.apache.commons_commons-compress:src/main/java/org/apache/commons/compress/harmony/unpack200/bytecode/forms/ByteCodeForm.java - startLine: 255;startOffset: 33;endOffset: 50;endLine: 255,Maintenance (Code Smells)
To-Do,New,Normal,"java:S2390:  ""Remove this reference to SuperMethodRefForm.""",CRITICAL,20min,Key: AYfl9rbKd9SEFTPV55xM Path: org.apache.commons_commons-compress:src/main/java/org/apache/commons/compress/harmony/unpack200/bytecode/forms/ByteCodeForm.java - startLine: 256;startOffset: 33;endOffset: 51;endLine: 256,Maintenance (Code Smells)
To-Do,New,Normal,"java:S2390:  ""Remove this reference to SuperMethodRefForm.""",CRITICAL,20min,Key: AYfl9rbKd9SEFTPV55xN Path: org.apache.commons_commons-compress:src/main/java/org/apache/commons/compress/harmony/unpack200/bytecode/forms/ByteCodeForm.java - startLine: 257;startOffset: 33;endOffset: 51;endLine: 257,Maintenance (Code Smells)
To-Do,New,Normal,"java:S2390:  ""Remove this reference to SuperMethodRefForm.""",CRITICAL,20min,Key: AYfl9rbKd9SEFTPV55xO Path: org.apache.commons_commons-compress:src/main/java/org/apache/commons/compress/harmony/unpack200/bytecode/forms/ByteCodeForm.java - startLine: 258;startOffset: 33;endOffset: 51;endLine: 258,Maintenance (Code Smells)
To-Do,New,Normal,"java:S2390:  ""Remove this reference to SuperFieldRefForm.""",CRITICAL,20min,Key: AYfl9rbKd9SEFTPV55xP Path: org.apache.commons_commons-compress:src/main/java/org/apache/commons/compress/harmony/unpack200/bytecode/forms/ByteCodeForm.java - startLine: 259;startOffset: 33;endOffset: 50;endLine: 259,Maintenance (Code Smells)
To-Do,New,Normal,"java:S2390:  ""Remove this reference to SuperFieldRefForm.""",CRITICAL,20min,Key: AYfl9rbKd9SEFTPV55xQ Path: org.apache.commons_commons-compress:src/main/java/org/apache/commons/compress/harmony/unpack200/bytecode/forms/ByteCodeForm.java - startLine: 260;startOffset: 33;endOffset: 50;endLine: 260,Maintenance (Code Smells)
To-Do,New,Normal,"java:S2390:  ""Remove this reference to SuperFieldRefForm.""",CRITICAL,20min,Key: AYfl9rbKd9SEFTPV55xR Path: org.apache.commons_commons-compress:src/main/java/org/apache/commons/compress/harmony/unpack200/bytecode/forms/ByteCodeForm.java - startLine: 261;startOffset: 33;endOffset: 50;endLine: 261,Maintenance (Code Smells)
To-Do,New,Normal,"java:S2390:  ""Remove this reference to SuperFieldRefForm.""",CRITICAL,20min,Key: AYfl9rbKd9SEFTPV55xS Path: org.apache.commons_commons-compress:src/main/java/org/apache/commons/compress/harmony/unpack200/bytecode/forms/ByteCodeForm.java - startLine: 262;startOffset: 33;endOffset: 50;endLine: 262,Maintenance (Code Smells)
To-Do,New,Normal,"java:S2390:  ""Remove this reference to SuperMethodRefForm.""",CRITICAL,20min,Key: AYfl9rbKd9SEFTPV55xT Path: org.apache.commons_commons-compress:src/main/java/org/apache/commons/compress/harmony/unpack200/bytecode/forms/ByteCodeForm.java - startLine: 263;startOffset: 33;endOffset: 51;endLine: 263,Maintenance (Code Smells)
To-Do,New,Normal,"java:S2390:  ""Remove this reference to SuperMethodRefForm.""",CRITICAL,20min,Key: AYfl9rbKd9SEFTPV55xU Path: org.apache.commons_commons-compress:src/main/java/org/apache/commons/compress/harmony/unpack200/bytecode/forms/ByteCodeForm.java - startLine: 264;startOffset: 33;endOffset: 51;endLine: 264,Maintenance (Code Smells)
To-Do,New,Normal,"java:S2390:  ""Remove this reference to SuperMethodRefForm.""",CRITICAL,20min,Key: AYfl9rbKd9SEFTPV55xV Path: org.apache.commons_commons-compress:src/main/java/org/apache/commons/compress/harmony/unpack200/bytecode/forms/ByteCodeForm.java - startLine: 265;startOffset: 33;endOffset: 51;endLine: 265,Maintenance (Code Smells)
To-Do,New,Normal,"java:S2390:  ""Remove this reference to ThisInitMethodRefForm.""",CRITICAL,20min,Key: AYfl9rbKd9SEFTPV55xW Path: org.apache.commons_commons-compress:src/main/java/org/apache/commons/compress/harmony/unpack200/bytecode/forms/ByteCodeForm.java - startLine: 266;startOffset: 33;endOffset: 54;endLine: 266,Maintenance (Code Smells)
To-Do,New,Normal,"java:S2390:  ""Remove this reference to SuperInitMethodRefForm.""",CRITICAL,20min,Key: AYfl9rbKd9SEFTPV55xX Path: org.apache.commons_commons-compress:src/main/java/org/apache/commons/compress/harmony/unpack200/bytecode/forms/ByteCodeForm.java - startLine: 267;startOffset: 33;endOffset: 55;endLine: 267,Maintenance (Code Smells)
To-Do,New,Normal,"java:S2390:  ""Remove this reference to NewInitMethodRefForm.""",CRITICAL,20min,Key: AYfl9rbKd9SEFTPV55xY Path: org.apache.commons_commons-compress:src/main/java/org/apache/commons/compress/harmony/unpack200/bytecode/forms/ByteCodeForm.java - startLine: 268;startOffset: 33;endOffset: 53;endLine: 268,Maintenance (Code Smells)
To-Do,New,Normal,"java:S2390:  ""Remove this reference to NarrowClassRefForm.""",CRITICAL,20min,Key: AYfl9rbKd9SEFTPV55xZ Path: org.apache.commons_commons-compress:src/main/java/org/apache/commons/compress/harmony/unpack200/bytecode/forms/ByteCodeForm.java - startLine: 269;startOffset: 33;endOffset: 51;endLine: 269,Maintenance (Code Smells)
To-Do,New,Normal,"java:S2390:  ""Remove this reference to NarrowClassRefForm.""",CRITICAL,20min,Key: AYfl9rbKd9SEFTPV55xc Path: org.apache.commons_commons-compress:src/main/java/org/apache/commons/compress/harmony/unpack200/bytecode/forms/ByteCodeForm.java - startLine: 272;startOffset: 33;endOffset: 51;endLine: 272,Maintenance (Code Smells)
To-Do,New,Normal,"java:S2390:  ""Remove this reference to IntRefForm.""",CRITICAL,20min,Key: AYfl9rbKd9SEFTPV55xd Path: org.apache.commons_commons-compress:src/main/java/org/apache/commons/compress/harmony/unpack200/bytecode/forms/ByteCodeForm.java - startLine: 273;startOffset: 33;endOffset: 43;endLine: 273,Maintenance (Code Smells)
To-Do,New,Normal,"java:S2390:  ""Remove this reference to FloatRefForm.""",CRITICAL,20min,Key: AYfl9rbKd9SEFTPV55xe Path: org.apache.commons_commons-compress:src/main/java/org/apache/commons/compress/harmony/unpack200/bytecode/forms/ByteCodeForm.java - startLine: 274;startOffset: 33;endOffset: 45;endLine: 274,Maintenance (Code Smells)
To-Do,New,Normal,"java:S2390:  ""Remove this reference to DoubleForm.""",CRITICAL,20min,Key: AYfl9rbKd9SEFTPV55xf Path: org.apache.commons_commons-compress:src/main/java/org/apache/commons/compress/harmony/unpack200/bytecode/forms/ByteCodeForm.java - startLine: 275;startOffset: 33;endOffset: 43;endLine: 275,Maintenance (Code Smells)
To-Do,New,Normal,"java:S2390:  ""Remove this reference to BHSDCodec.""",CRITICAL,20min,Key: AYfl9rkrd9SEFTPV55-q Path: org.apache.commons_commons-compress:src/main/java/org/apache/commons/compress/harmony/pack200/Codec.java - startLine: 36;startOffset: 45;endOffset: 54;endLine: 36,Maintenance (Code Smells)
To-Do,New,Normal,"java:S2390:  ""Remove this reference to BHSDCodec.""",CRITICAL,20min,Key: AYfl9rkrd9SEFTPV55-r Path: org.apache.commons_commons-compress:src/main/java/org/apache/commons/compress/harmony/pack200/Codec.java - startLine: 41;startOffset: 48;endOffset: 57;endLine: 41,Maintenance (Code Smells)
To-Do,New,Normal,"java:S2390:  ""Remove this reference to BHSDCodec.""",CRITICAL,20min,Key: AYfl9rkrd9SEFTPV55-s Path: org.apache.commons_commons-compress:src/main/java/org/apache/commons/compress/harmony/pack200/Codec.java - startLine: 46;startOffset: 46;endOffset: 55;endLine: 46,Maintenance (Code Smells)
To-Do,New,Normal,"java:S2390:  ""Remove this reference to BHSDCodec.""",CRITICAL,20min,Key: AYfl9rkrd9SEFTPV55-t Path: org.apache.commons_commons-compress:src/main/java/org/apache/commons/compress/harmony/pack200/Codec.java - startLine: 52;startOffset: 46;endOffset: 55;endLine: 52,Maintenance (Code Smells)
To-Do,New,Normal,"java:S2390:  ""Remove this reference to BHSDCodec.""",CRITICAL,20min,Key: AYfl9rkrd9SEFTPV55-u Path: org.apache.commons_commons-compress:src/main/java/org/apache/commons/compress/harmony/pack200/Codec.java - startLine: 58;startOffset: 47;endOffset: 56;endLine: 58,Maintenance (Code Smells)
To-Do,New,Normal,"java:S2390:  ""Remove this reference to BHSDCodec.""",CRITICAL,20min,Key: AYfl9rkrd9SEFTPV55-v Path: org.apache.commons_commons-compress:src/main/java/org/apache/commons/compress/harmony/pack200/Codec.java - startLine: 64;startOffset: 48;endOffset: 57;endLine: 64,Maintenance (Code Smells)
To-Do,New,Normal,"java:S2390:  ""Remove this reference to BHSDCodec.""",CRITICAL,20min,Key: AYfl9rkrd9SEFTPV55-w Path: org.apache.commons_commons-compress:src/main/java/org/apache/commons/compress/harmony/pack200/Codec.java - startLine: 69;startOffset: 48;endOffset: 57;endLine: 69,Maintenance (Code Smells)
To-Do,New,Normal,"java:S2390:  ""Remove this reference to BHSDCodec.""",CRITICAL,20min,Key: AYfl9rkrd9SEFTPV55-x Path: org.apache.commons_commons-compress:src/main/java/org/apache/commons/compress/harmony/pack200/Codec.java - startLine: 75;startOffset: 48;endOffset: 57;endLine: 75,Maintenance (Code Smells)
To-Do,New,Normal,"java:S2390:  ""Remove this reference to BHSDCodec.""",CRITICAL,20min,Key: AYfl9rkrd9SEFTPV55-y Path: org.apache.commons_commons-compress:src/main/java/org/apache/commons/compress/harmony/pack200/Codec.java - startLine: 80;startOffset: 50;endOffset: 59;endLine: 80,Maintenance (Code Smells)
To-Do,New,Normal,"java:S2390:  ""Remove this reference to NoArgumentForm.""",CRITICAL,20min,Key: AYfl9rbKd9SEFTPV55tw Path: org.apache.commons_commons-compress:src/main/java/org/apache/commons/compress/harmony/unpack200/bytecode/forms/ByteCodeForm.java - startLine: 34;startOffset: 31;endOffset: 45;endLine: 34,Maintenance (Code Smells)
To-Do,New,Normal,"java:S2390:  ""Remove this reference to NoArgumentForm.""",CRITICAL,20min,Key: AYfl9rbKd9SEFTPV55tx Path: org.apache.commons_commons-compress:src/main/java/org/apache/commons/compress/harmony/unpack200/bytecode/forms/ByteCodeForm.java - startLine: 35;startOffset: 31;endOffset: 45;endLine: 35,Maintenance (Code Smells)
To-Do,New,Normal,"java:S2390:  ""Remove this reference to NoArgumentForm.""",CRITICAL,20min,Key: AYfl9rbKd9SEFTPV55ty Path: org.apache.commons_commons-compress:src/main/java/org/apache/commons/compress/harmony/unpack200/bytecode/forms/ByteCodeForm.java - startLine: 36;startOffset: 31;endOffset: 45;endLine: 36,Maintenance (Code Smells)
To-Do,New,Normal,"java:S2390:  ""Remove this reference to NoArgumentForm.""",CRITICAL,20min,Key: AYfl9rbKd9SEFTPV55tz Path: org.apache.commons_commons-compress:src/main/java/org/apache/commons/compress/harmony/unpack200/bytecode/forms/ByteCodeForm.java - startLine: 37;startOffset: 31;endOffset: 45;endLine: 37,Maintenance (Code Smells)
To-Do,New,Normal,"java:S2390:  ""Remove this reference to NoArgumentForm.""",CRITICAL,20min,Key: AYfl9rbKd9SEFTPV55t0 Path: org.apache.commons_commons-compress:src/main/java/org/apache/commons/compress/harmony/unpack200/bytecode/forms/ByteCodeForm.java - startLine: 38;startOffset: 31;endOffset: 45;endLine: 38,Maintenance (Code Smells)
To-Do,New,Normal,"java:S2390:  ""Remove this reference to NoArgumentForm.""",CRITICAL,20min,Key: AYfl9rbKd9SEFTPV55t1 Path: org.apache.commons_commons-compress:src/main/java/org/apache/commons/compress/harmony/unpack200/bytecode/forms/ByteCodeForm.java - startLine: 39;startOffset: 31;endOffset: 45;endLine: 39,Maintenance (Code Smells)
To-Do,New,Normal,"java:S2390:  ""Remove this reference to NoArgumentForm.""",CRITICAL,20min,Key: AYfl9rbKd9SEFTPV55t2 Path: org.apache.commons_commons-compress:src/main/java/org/apache/commons/compress/harmony/unpack200/bytecode/forms/ByteCodeForm.java - startLine: 40;startOffset: 31;endOffset: 45;endLine: 40,Maintenance (Code Smells)
To-Do,New,Normal,"java:S2390:  ""Remove this reference to NoArgumentForm.""",CRITICAL,20min,Key: AYfl9rbKd9SEFTPV55t3 Path: org.apache.commons_commons-compress:src/main/java/org/apache/commons/compress/harmony/unpack200/bytecode/forms/ByteCodeForm.java - startLine: 41;startOffset: 31;endOffset: 45;endLine: 41,Maintenance (Code Smells)
To-Do,New,Normal,"java:S2390:  ""Remove this reference to NoArgumentForm.""",CRITICAL,20min,Key: AYfl9rbKd9SEFTPV55t4 Path: org.apache.commons_commons-compress:src/main/java/org/apache/commons/compress/harmony/unpack200/bytecode/forms/ByteCodeForm.java - startLine: 42;startOffset: 31;endOffset: 45;endLine: 42,Maintenance (Code Smells)
To-Do,New,Normal,"java:S2390:  ""Remove this reference to NoArgumentForm.""",CRITICAL,20min,Key: AYfl9rbKd9SEFTPV55t5 Path: org.apache.commons_commons-compress:src/main/java/org/apache/commons/compress/harmony/unpack200/bytecode/forms/ByteCodeForm.java - startLine: 43;startOffset: 31;endOffset: 45;endLine: 43,Maintenance (Code Smells)
To-Do,New,Normal,"java:S2390:  ""Remove this reference to NoArgumentForm.""",CRITICAL,20min,Key: AYfl9rbKd9SEFTPV55t6 Path: org.apache.commons_commons-compress:src/main/java/org/apache/commons/compress/harmony/unpack200/bytecode/forms/ByteCodeForm.java - startLine: 44;startOffset: 32;endOffset: 46;endLine: 44,Maintenance (Code Smells)
To-Do,New,Normal,"java:S2390:  ""Remove this reference to NoArgumentForm.""",CRITICAL,20min,Key: AYfl9rbKd9SEFTPV55t7 Path: org.apache.commons_commons-compress:src/main/java/org/apache/commons/compress/harmony/unpack200/bytecode/forms/ByteCodeForm.java - startLine: 45;startOffset: 32;endOffset: 46;endLine: 45,Maintenance (Code Smells)
To-Do,New,Normal,"java:S2390:  ""Remove this reference to NoArgumentForm.""",CRITICAL,20min,Key: AYfl9rbKd9SEFTPV55t8 Path: org.apache.commons_commons-compress:src/main/java/org/apache/commons/compress/harmony/unpack200/bytecode/forms/ByteCodeForm.java - startLine: 46;startOffset: 32;endOffset: 46;endLine: 46,Maintenance (Code Smells)
To-Do,New,Normal,"java:S2390:  ""Remove this reference to NoArgumentForm.""",CRITICAL,20min,Key: AYfl9rbKd9SEFTPV55t9 Path: org.apache.commons_commons-compress:src/main/java/org/apache/commons/compress/harmony/unpack200/bytecode/forms/ByteCodeForm.java - startLine: 47;startOffset: 32;endOffset: 46;endLine: 47,Maintenance (Code Smells)
To-Do,New,Normal,"java:S2390:  ""Remove this reference to NoArgumentForm.""",CRITICAL,20min,Key: AYfl9rbKd9SEFTPV55t- Path: org.apache.commons_commons-compress:src/main/java/org/apache/commons/compress/harmony/unpack200/bytecode/forms/ByteCodeForm.java - startLine: 48;startOffset: 32;endOffset: 46;endLine: 48,Maintenance (Code Smells)
To-Do,New,Normal,"java:S2390:  ""Remove this reference to NoArgumentForm.""",CRITICAL,20min,Key: AYfl9rbKd9SEFTPV55t_ Path: org.apache.commons_commons-compress:src/main/java/org/apache/commons/compress/harmony/unpack200/bytecode/forms/ByteCodeForm.java - startLine: 49;startOffset: 32;endOffset: 46;endLine: 49,Maintenance (Code Smells)
To-Do,New,Normal,"java:S2390:  ""Remove this reference to ByteForm.""",CRITICAL,20min,Key: AYfl9rbKd9SEFTPV55uA Path: org.apache.commons_commons-compress:src/main/java/org/apache/commons/compress/harmony/unpack200/bytecode/forms/ByteCodeForm.java - startLine: 50;startOffset: 32;endOffset: 40;endLine: 50,Maintenance (Code Smells)
To-Do,New,Normal,"java:S2390:  ""Remove this reference to StringRefForm.""",CRITICAL,20min,Key: AYfl9rbKd9SEFTPV55uC Path: org.apache.commons_commons-compress:src/main/java/org/apache/commons/compress/harmony/unpack200/bytecode/forms/ByteCodeForm.java - startLine: 52;startOffset: 32;endOffset: 45;endLine: 52,Maintenance (Code Smells)
To-Do,New,Normal,"java:S2390:  ""Remove this reference to LongForm.""",CRITICAL,20min,Key: AYfl9rbKd9SEFTPV55uE Path: org.apache.commons_commons-compress:src/main/java/org/apache/commons/compress/harmony/unpack200/bytecode/forms/ByteCodeForm.java - startLine: 54;startOffset: 32;endOffset: 40;endLine: 54,Maintenance (Code Smells)
To-Do,New,Normal,"java:S2390:  ""Remove this reference to LocalForm.""",CRITICAL,20min,Key: AYfl9rbKd9SEFTPV55uF Path: org.apache.commons_commons-compress:src/main/java/org/apache/commons/compress/harmony/unpack200/bytecode/forms/ByteCodeForm.java - startLine: 55;startOffset: 32;endOffset: 41;endLine: 55,Maintenance (Code Smells)
To-Do,New,Normal,"java:S2390:  ""Remove this reference to LocalForm.""",CRITICAL,20min,Key: AYfl9rbKd9SEFTPV55uG Path: org.apache.commons_commons-compress:src/main/java/org/apache/commons/compress/harmony/unpack200/bytecode/forms/ByteCodeForm.java - startLine: 56;startOffset: 32;endOffset: 41;endLine: 56,Maintenance (Code Smells)
To-Do,New,Normal,"java:S2390:  ""Remove this reference to LocalForm.""",CRITICAL,20min,Key: AYfl9rbKd9SEFTPV55uH Path: org.apache.commons_commons-compress:src/main/java/org/apache/commons/compress/harmony/unpack200/bytecode/forms/ByteCodeForm.java - startLine: 57;startOffset: 32;endOffset: 41;endLine: 57,Maintenance (Code Smells)
To-Do,New,Normal,"java:S2390:  ""Remove this reference to LocalForm.""",CRITICAL,20min,Key: AYfl9rbKd9SEFTPV55uI Path: org.apache.commons_commons-compress:src/main/java/org/apache/commons/compress/harmony/unpack200/bytecode/forms/ByteCodeForm.java - startLine: 58;startOffset: 32;endOffset: 41;endLine: 58,Maintenance (Code Smells)
To-Do,New,Normal,"java:S2390:  ""Remove this reference to LocalForm.""",CRITICAL,20min,Key: AYfl9rbKd9SEFTPV55uJ Path: org.apache.commons_commons-compress:src/main/java/org/apache/commons/compress/harmony/unpack200/bytecode/forms/ByteCodeForm.java - startLine: 59;startOffset: 32;endOffset: 41;endLine: 59,Maintenance (Code Smells)
To-Do,New,Normal,"java:S2390:  ""Remove this reference to NoArgumentForm.""",CRITICAL,20min,Key: AYfl9rbKd9SEFTPV55uK Path: org.apache.commons_commons-compress:src/main/java/org/apache/commons/compress/harmony/unpack200/bytecode/forms/ByteCodeForm.java - startLine: 60;startOffset: 32;endOffset: 46;endLine: 60,Maintenance (Code Smells)
To-Do,New,Normal,"java:S2390:  ""Remove this reference to NoArgumentForm.""",CRITICAL,20min,Key: AYfl9rbKd9SEFTPV55uL Path: org.apache.commons_commons-compress:src/main/java/org/apache/commons/compress/harmony/unpack200/bytecode/forms/ByteCodeForm.java - startLine: 61;startOffset: 32;endOffset: 46;endLine: 61,Maintenance (Code Smells)
To-Do,New,Normal,"java:S2390:  ""Remove this reference to NoArgumentForm.""",CRITICAL,20min,Key: AYfl9rbKd9SEFTPV55uM Path: org.apache.commons_commons-compress:src/main/java/org/apache/commons/compress/harmony/unpack200/bytecode/forms/ByteCodeForm.java - startLine: 62;startOffset: 32;endOffset: 46;endLine: 62,Maintenance (Code Smells)
To-Do,New,Normal,"java:S2390:  ""Remove this reference to NoArgumentForm.""",CRITICAL,20min,Key: AYfl9rbKd9SEFTPV55uN Path: org.apache.commons_commons-compress:src/main/java/org/apache/commons/compress/harmony/unpack200/bytecode/forms/ByteCodeForm.java - startLine: 63;startOffset: 32;endOffset: 46;endLine: 63,Maintenance (Code Smells)
To-Do,New,Normal,"java:S2390:  ""Remove this reference to NoArgumentForm.""",CRITICAL,20min,Key: AYfl9rbKd9SEFTPV55uO Path: org.apache.commons_commons-compress:src/main/java/org/apache/commons/compress/harmony/unpack200/bytecode/forms/ByteCodeForm.java - startLine: 64;startOffset: 32;endOffset: 46;endLine: 64,Maintenance (Code Smells)
To-Do,New,Normal,"java:S2390:  ""Remove this reference to NoArgumentForm.""",CRITICAL,20min,Key: AYfl9rbKd9SEFTPV55uP Path: org.apache.commons_commons-compress:src/main/java/org/apache/commons/compress/harmony/unpack200/bytecode/forms/ByteCodeForm.java - startLine: 65;startOffset: 32;endOffset: 46;endLine: 65,Maintenance (Code Smells)
To-Do,New,Normal,"java:S2390:  ""Remove this reference to NoArgumentForm.""",CRITICAL,20min,Key: AYfl9rbKd9SEFTPV55uQ Path: org.apache.commons_commons-compress:src/main/java/org/apache/commons/compress/harmony/unpack200/bytecode/forms/ByteCodeForm.java - startLine: 66;startOffset: 32;endOffset: 46;endLine: 66,Maintenance (Code Smells)
To-Do,New,Normal,"java:S2390:  ""Remove this reference to NoArgumentForm.""",CRITICAL,20min,Key: AYfl9rbKd9SEFTPV55uR Path: org.apache.commons_commons-compress:src/main/java/org/apache/commons/compress/harmony/unpack200/bytecode/forms/ByteCodeForm.java - startLine: 67;startOffset: 32;endOffset: 46;endLine: 67,Maintenance (Code Smells)
To-Do,New,Normal,"java:S2390:  ""Remove this reference to NoArgumentForm.""",CRITICAL,20min,Key: AYfl9rbKd9SEFTPV55uS Path: org.apache.commons_commons-compress:src/main/java/org/apache/commons/compress/harmony/unpack200/bytecode/forms/ByteCodeForm.java - startLine: 68;startOffset: 32;endOffset: 46;endLine: 68,Maintenance (Code Smells)
To-Do,New,Normal,"java:S2390:  ""Remove this reference to NoArgumentForm.""",CRITICAL,20min,Key: AYfl9rbKd9SEFTPV55uT Path: org.apache.commons_commons-compress:src/main/java/org/apache/commons/compress/harmony/unpack200/bytecode/forms/ByteCodeForm.java - startLine: 69;startOffset: 32;endOffset: 46;endLine: 69,Maintenance (Code Smells)
To-Do,New,Normal,"java:S2390:  ""Remove this reference to NoArgumentForm.""",CRITICAL,20min,Key: AYfl9rbKd9SEFTPV55uU Path: org.apache.commons_commons-compress:src/main/java/org/apache/commons/compress/harmony/unpack200/bytecode/forms/ByteCodeForm.java - startLine: 70;startOffset: 32;endOffset: 46;endLine: 70,Maintenance (Code Smells)
To-Do,New,Normal,"java:S2390:  ""Remove this reference to NoArgumentForm.""",CRITICAL,20min,Key: AYfl9rbKd9SEFTPV55uV Path: org.apache.commons_commons-compress:src/main/java/org/apache/commons/compress/harmony/unpack200/bytecode/forms/ByteCodeForm.java - startLine: 71;startOffset: 32;endOffset: 46;endLine: 71,Maintenance (Code Smells)
To-Do,New,Normal,"java:S2390:  ""Remove this reference to NoArgumentForm.""",CRITICAL,20min,Key: AYfl9rbKd9SEFTPV55uW Path: org.apache.commons_commons-compress:src/main/java/org/apache/commons/compress/harmony/unpack200/bytecode/forms/ByteCodeForm.java - startLine: 72;startOffset: 32;endOffset: 46;endLine: 72,Maintenance (Code Smells)
To-Do,New,Normal,"java:S2390:  ""Remove this reference to NoArgumentForm.""",CRITICAL,20min,Key: AYfl9rbKd9SEFTPV55uX Path: org.apache.commons_commons-compress:src/main/java/org/apache/commons/compress/harmony/unpack200/bytecode/forms/ByteCodeForm.java - startLine: 73;startOffset: 32;endOffset: 46;endLine: 73,Maintenance (Code Smells)
To-Do,New,Normal,"java:S2390:  ""Remove this reference to NoArgumentForm.""",CRITICAL,20min,Key: AYfl9rbKd9SEFTPV55uY Path: org.apache.commons_commons-compress:src/main/java/org/apache/commons/compress/harmony/unpack200/bytecode/forms/ByteCodeForm.java - startLine: 74;startOffset: 32;endOffset: 46;endLine: 74,Maintenance (Code Smells)
To-Do,New,Normal,"java:S2390:  ""Remove this reference to NoArgumentForm.""",CRITICAL,20min,Key: AYfl9rbKd9SEFTPV55uZ Path: org.apache.commons_commons-compress:src/main/java/org/apache/commons/compress/harmony/unpack200/bytecode/forms/ByteCodeForm.java - startLine: 75;startOffset: 32;endOffset: 46;endLine: 75,Maintenance (Code Smells)
To-Do,New,Normal,"java:S2390:  ""Remove this reference to NoArgumentForm.""",CRITICAL,20min,Key: AYfl9rbKd9SEFTPV55ua Path: org.apache.commons_commons-compress:src/main/java/org/apache/commons/compress/harmony/unpack200/bytecode/forms/ByteCodeForm.java - startLine: 76;startOffset: 32;endOffset: 46;endLine: 76,Maintenance (Code Smells)
To-Do,New,Normal,"java:S2390:  ""Remove this reference to NoArgumentForm.""",CRITICAL,20min,Key: AYfl9rbKd9SEFTPV55ub Path: org.apache.commons_commons-compress:src/main/java/org/apache/commons/compress/harmony/unpack200/bytecode/forms/ByteCodeForm.java - startLine: 77;startOffset: 32;endOffset: 46;endLine: 77,Maintenance (Code Smells)
To-Do,New,Normal,"java:S2390:  ""Remove this reference to NoArgumentForm.""",CRITICAL,20min,Key: AYfl9rbKd9SEFTPV55uc Path: org.apache.commons_commons-compress:src/main/java/org/apache/commons/compress/harmony/unpack200/bytecode/forms/ByteCodeForm.java - startLine: 78;startOffset: 32;endOffset: 46;endLine: 78,Maintenance (Code Smells)
To-Do,New,Normal,"java:S2390:  ""Remove this reference to NoArgumentForm.""",CRITICAL,20min,Key: AYfl9rbKd9SEFTPV55ud Path: org.apache.commons_commons-compress:src/main/java/org/apache/commons/compress/harmony/unpack200/bytecode/forms/ByteCodeForm.java - startLine: 79;startOffset: 32;endOffset: 46;endLine: 79,Maintenance (Code Smells)
To-Do,New,Normal,"java:S2390:  ""Remove this reference to NoArgumentForm.""",CRITICAL,20min,Key: AYfl9rbKd9SEFTPV55ue Path: org.apache.commons_commons-compress:src/main/java/org/apache/commons/compress/harmony/unpack200/bytecode/forms/ByteCodeForm.java - startLine: 80;startOffset: 32;endOffset: 46;endLine: 80,Maintenance (Code Smells)
To-Do,New,Normal,"java:S2390:  ""Remove this reference to NoArgumentForm.""",CRITICAL,20min,Key: AYfl9rbKd9SEFTPV55uf Path: org.apache.commons_commons-compress:src/main/java/org/apache/commons/compress/harmony/unpack200/bytecode/forms/ByteCodeForm.java - startLine: 81;startOffset: 32;endOffset: 46;endLine: 81,Maintenance (Code Smells)
To-Do,New,Normal,"java:S2390:  ""Remove this reference to NoArgumentForm.""",CRITICAL,20min,Key: AYfl9rbKd9SEFTPV55ug Path: org.apache.commons_commons-compress:src/main/java/org/apache/commons/compress/harmony/unpack200/bytecode/forms/ByteCodeForm.java - startLine: 82;startOffset: 32;endOffset: 46;endLine: 82,Maintenance (Code Smells)
To-Do,New,Normal,"java:S2390:  ""Remove this reference to NoArgumentForm.""",CRITICAL,20min,Key: AYfl9rbKd9SEFTPV55uh Path: org.apache.commons_commons-compress:src/main/java/org/apache/commons/compress/harmony/unpack200/bytecode/forms/ByteCodeForm.java - startLine: 83;startOffset: 32;endOffset: 46;endLine: 83,Maintenance (Code Smells)
To-Do,New,Normal,"java:S2390:  ""Remove this reference to NoArgumentForm.""",CRITICAL,20min,Key: AYfl9rbKd9SEFTPV55ui Path: org.apache.commons_commons-compress:src/main/java/org/apache/commons/compress/harmony/unpack200/bytecode/forms/ByteCodeForm.java - startLine: 84;startOffset: 32;endOffset: 46;endLine: 84,Maintenance (Code Smells)
To-Do,New,Normal,"java:S2390:  ""Remove this reference to NoArgumentForm.""",CRITICAL,20min,Key: AYfl9rbKd9SEFTPV55uj Path: org.apache.commons_commons-compress:src/main/java/org/apache/commons/compress/harmony/unpack200/bytecode/forms/ByteCodeForm.java - startLine: 85;startOffset: 32;endOffset: 46;endLine: 85,Maintenance (Code Smells)
To-Do,New,Normal,"java:S2390:  ""Remove this reference to NoArgumentForm.""",CRITICAL,20min,Key: AYfl9rbKd9SEFTPV55uk Path: org.apache.commons_commons-compress:src/main/java/org/apache/commons/compress/harmony/unpack200/bytecode/forms/ByteCodeForm.java - startLine: 86;startOffset: 32;endOffset: 46;endLine: 86,Maintenance (Code Smells)
To-Do,New,Normal,"java:S2390:  ""Remove this reference to NoArgumentForm.""",CRITICAL,20min,Key: AYfl9rbKd9SEFTPV55ul Path: org.apache.commons_commons-compress:src/main/java/org/apache/commons/compress/harmony/unpack200/bytecode/forms/ByteCodeForm.java - startLine: 87;startOffset: 32;endOffset: 46;endLine: 87,Maintenance (Code Smells)
To-Do,New,Normal,"java:S2390:  ""Remove this reference to LocalForm.""",CRITICAL,20min,Key: AYfl9rbKd9SEFTPV55um Path: org.apache.commons_commons-compress:src/main/java/org/apache/commons/compress/harmony/unpack200/bytecode/forms/ByteCodeForm.java - startLine: 88;startOffset: 32;endOffset: 41;endLine: 88,Maintenance (Code Smells)
To-Do,New,Normal,"java:S2390:  ""Remove this reference to LocalForm.""",CRITICAL,20min,Key: AYfl9rbKd9SEFTPV55un Path: org.apache.commons_commons-compress:src/main/java/org/apache/commons/compress/harmony/unpack200/bytecode/forms/ByteCodeForm.java - startLine: 89;startOffset: 32;endOffset: 41;endLine: 89,Maintenance (Code Smells)
To-Do,New,Normal,"java:S2390:  ""Remove this reference to LocalForm.""",CRITICAL,20min,Key: AYfl9rbKd9SEFTPV55uo Path: org.apache.commons_commons-compress:src/main/java/org/apache/commons/compress/harmony/unpack200/bytecode/forms/ByteCodeForm.java - startLine: 90;startOffset: 32;endOffset: 41;endLine: 90,Maintenance (Code Smells)
To-Do,New,Normal,"java:S2390:  ""Remove this reference to LocalForm.""",CRITICAL,20min,Key: AYfl9rbKd9SEFTPV55up Path: org.apache.commons_commons-compress:src/main/java/org/apache/commons/compress/harmony/unpack200/bytecode/forms/ByteCodeForm.java - startLine: 91;startOffset: 32;endOffset: 41;endLine: 91,Maintenance (Code Smells)
To-Do,New,Normal,"java:S2390:  ""Remove this reference to LocalForm.""",CRITICAL,20min,Key: AYfl9rbKd9SEFTPV55uq Path: org.apache.commons_commons-compress:src/main/java/org/apache/commons/compress/harmony/unpack200/bytecode/forms/ByteCodeForm.java - startLine: 92;startOffset: 32;endOffset: 41;endLine: 92,Maintenance (Code Smells)
To-Do,New,Normal,"java:S2390:  ""Remove this reference to NoArgumentForm.""",CRITICAL,20min,Key: AYfl9rbKd9SEFTPV55ur Path: org.apache.commons_commons-compress:src/main/java/org/apache/commons/compress/harmony/unpack200/bytecode/forms/ByteCodeForm.java - startLine: 93;startOffset: 32;endOffset: 46;endLine: 93,Maintenance (Code Smells)
To-Do,New,Normal,"java:S2390:  ""Remove this reference to NoArgumentForm.""",CRITICAL,20min,Key: AYfl9rbKd9SEFTPV55us Path: org.apache.commons_commons-compress:src/main/java/org/apache/commons/compress/harmony/unpack200/bytecode/forms/ByteCodeForm.java - startLine: 94;startOffset: 32;endOffset: 46;endLine: 94,Maintenance (Code Smells)
To-Do,New,Normal,"java:S2390:  ""Remove this reference to NoArgumentForm.""",CRITICAL,20min,Key: AYfl9rbKd9SEFTPV55ut Path: org.apache.commons_commons-compress:src/main/java/org/apache/commons/compress/harmony/unpack200/bytecode/forms/ByteCodeForm.java - startLine: 95;startOffset: 32;endOffset: 46;endLine: 95,Maintenance (Code Smells)
To-Do,New,Normal,"java:S2390:  ""Remove this reference to NoArgumentForm.""",CRITICAL,20min,Key: AYfl9rbKd9SEFTPV55uu Path: org.apache.commons_commons-compress:src/main/java/org/apache/commons/compress/harmony/unpack200/bytecode/forms/ByteCodeForm.java - startLine: 96;startOffset: 32;endOffset: 46;endLine: 96,Maintenance (Code Smells)
To-Do,New,Normal,"java:S2390:  ""Remove this reference to NoArgumentForm.""",CRITICAL,20min,Key: AYfl9rbKd9SEFTPV55uv Path: org.apache.commons_commons-compress:src/main/java/org/apache/commons/compress/harmony/unpack200/bytecode/forms/ByteCodeForm.java - startLine: 97;startOffset: 32;endOffset: 46;endLine: 97,Maintenance (Code Smells)
To-Do,New,Normal,"java:S2390:  ""Remove this reference to NoArgumentForm.""",CRITICAL,20min,Key: AYfl9rbKd9SEFTPV55uw Path: org.apache.commons_commons-compress:src/main/java/org/apache/commons/compress/harmony/unpack200/bytecode/forms/ByteCodeForm.java - startLine: 98;startOffset: 32;endOffset: 46;endLine: 98,Maintenance (Code Smells)
To-Do,New,Normal,"java:S2390:  ""Remove this reference to NoArgumentForm.""",CRITICAL,20min,Key: AYfl9rbKd9SEFTPV55ux Path: org.apache.commons_commons-compress:src/main/java/org/apache/commons/compress/harmony/unpack200/bytecode/forms/ByteCodeForm.java - startLine: 99;startOffset: 32;endOffset: 46;endLine: 99,Maintenance (Code Smells)
To-Do,New,Normal,"java:S2390:  ""Remove this reference to NoArgumentForm.""",CRITICAL,20min,Key: AYfl9rbKd9SEFTPV55uy Path: org.apache.commons_commons-compress:src/main/java/org/apache/commons/compress/harmony/unpack200/bytecode/forms/ByteCodeForm.java - startLine: 100;startOffset: 32;endOffset: 46;endLine: 100,Maintenance (Code Smells)
To-Do,New,Normal,"java:S2390:  ""Remove this reference to NoArgumentForm.""",CRITICAL,20min,Key: AYfl9rbKd9SEFTPV55uz Path: org.apache.commons_commons-compress:src/main/java/org/apache/commons/compress/harmony/unpack200/bytecode/forms/ByteCodeForm.java - startLine: 101;startOffset: 32;endOffset: 46;endLine: 101,Maintenance (Code Smells)
To-Do,New,Normal,"java:S2390:  ""Remove this reference to NoArgumentForm.""",CRITICAL,20min,Key: AYfl9rbKd9SEFTPV55u0 Path: org.apache.commons_commons-compress:src/main/java/org/apache/commons/compress/harmony/unpack200/bytecode/forms/ByteCodeForm.java - startLine: 102;startOffset: 32;endOffset: 46;endLine: 102,Maintenance (Code Smells)
To-Do,New,Normal,"java:S2390:  ""Remove this reference to NoArgumentForm.""",CRITICAL,20min,Key: AYfl9rbKd9SEFTPV55u1 Path: org.apache.commons_commons-compress:src/main/java/org/apache/commons/compress/harmony/unpack200/bytecode/forms/ByteCodeForm.java - startLine: 103;startOffset: 32;endOffset: 46;endLine: 103,Maintenance (Code Smells)
To-Do,New,Normal,"java:S2390:  ""Remove this reference to NoArgumentForm.""",CRITICAL,20min,Key: AYfl9rbKd9SEFTPV55u2 Path: org.apache.commons_commons-compress:src/main/java/org/apache/commons/compress/harmony/unpack200/bytecode/forms/ByteCodeForm.java - startLine: 104;startOffset: 32;endOffset: 46;endLine: 104,Maintenance (Code Smells)
To-Do,New,Normal,"java:S2390:  ""Remove this reference to NoArgumentForm.""",CRITICAL,20min,Key: AYfl9rbKd9SEFTPV55u3 Path: org.apache.commons_commons-compress:src/main/java/org/apache/commons/compress/harmony/unpack200/bytecode/forms/ByteCodeForm.java - startLine: 105;startOffset: 32;endOffset: 46;endLine: 105,Maintenance (Code Smells)
To-Do,New,Normal,"java:S2390:  ""Remove this reference to NoArgumentForm.""",CRITICAL,20min,Key: AYfl9rbKd9SEFTPV55u4 Path: org.apache.commons_commons-compress:src/main/java/org/apache/commons/compress/harmony/unpack200/bytecode/forms/ByteCodeForm.java - startLine: 106;startOffset: 32;endOffset: 46;endLine: 106,Maintenance (Code Smells)
To-Do,New,Normal,"java:S2390:  ""Remove this reference to NoArgumentForm.""",CRITICAL,20min,Key: AYfl9rbKd9SEFTPV55u5 Path: org.apache.commons_commons-compress:src/main/java/org/apache/commons/compress/harmony/unpack200/bytecode/forms/ByteCodeForm.java - startLine: 107;startOffset: 32;endOffset: 46;endLine: 107,Maintenance (Code Smells)
To-Do,New,Normal,"java:S2390:  ""Remove this reference to NoArgumentForm.""",CRITICAL,20min,Key: AYfl9rbKd9SEFTPV55u6 Path: org.apache.commons_commons-compress:src/main/java/org/apache/commons/compress/harmony/unpack200/bytecode/forms/ByteCodeForm.java - startLine: 108;startOffset: 32;endOffset: 46;endLine: 108,Maintenance (Code Smells)
To-Do,New,Normal,"java:S2390:  ""Remove this reference to NoArgumentForm.""",CRITICAL,20min,Key: AYfl9rbKd9SEFTPV55u7 Path: org.apache.commons_commons-compress:src/main/java/org/apache/commons/compress/harmony/unpack200/bytecode/forms/ByteCodeForm.java - startLine: 109;startOffset: 32;endOffset: 46;endLine: 109,Maintenance (Code Smells)
To-Do,New,Normal,"java:S2390:  ""Remove this reference to NoArgumentForm.""",CRITICAL,20min,Key: AYfl9rbKd9SEFTPV55u8 Path: org.apache.commons_commons-compress:src/main/java/org/apache/commons/compress/harmony/unpack200/bytecode/forms/ByteCodeForm.java - startLine: 110;startOffset: 32;endOffset: 46;endLine: 110,Maintenance (Code Smells)
To-Do,New,Normal,"java:S2390:  ""Remove this reference to NoArgumentForm.""",CRITICAL,20min,Key: AYfl9rbKd9SEFTPV55u9 Path: org.apache.commons_commons-compress:src/main/java/org/apache/commons/compress/harmony/unpack200/bytecode/forms/ByteCodeForm.java - startLine: 111;startOffset: 32;endOffset: 46;endLine: 111,Maintenance (Code Smells)
To-Do,New,Normal,"java:S2390:  ""Remove this reference to NoArgumentForm.""",CRITICAL,20min,Key: AYfl9rbKd9SEFTPV55u- Path: org.apache.commons_commons-compress:src/main/java/org/apache/commons/compress/harmony/unpack200/bytecode/forms/ByteCodeForm.java - startLine: 112;startOffset: 32;endOffset: 46;endLine: 112,Maintenance (Code Smells)
To-Do,New,Normal,"java:S2390:  ""Remove this reference to NoArgumentForm.""",CRITICAL,20min,Key: AYfl9rbKd9SEFTPV55u_ Path: org.apache.commons_commons-compress:src/main/java/org/apache/commons/compress/harmony/unpack200/bytecode/forms/ByteCodeForm.java - startLine: 113;startOffset: 32;endOffset: 46;endLine: 113,Maintenance (Code Smells)
To-Do,New,Normal,"java:S2390:  ""Remove this reference to NoArgumentForm.""",CRITICAL,20min,Key: AYfl9rbKd9SEFTPV55vA Path: org.apache.commons_commons-compress:src/main/java/org/apache/commons/compress/harmony/unpack200/bytecode/forms/ByteCodeForm.java - startLine: 114;startOffset: 32;endOffset: 46;endLine: 114,Maintenance (Code Smells)
To-Do,New,Normal,"java:S2390:  ""Remove this reference to NoArgumentForm.""",CRITICAL,20min,Key: AYfl9rbKd9SEFTPV55vB Path: org.apache.commons_commons-compress:src/main/java/org/apache/commons/compress/harmony/unpack200/bytecode/forms/ByteCodeForm.java - startLine: 115;startOffset: 32;endOffset: 46;endLine: 115,Maintenance (Code Smells)
To-Do,New,Normal,"java:S2390:  ""Remove this reference to NoArgumentForm.""",CRITICAL,20min,Key: AYfl9rbKd9SEFTPV55vC Path: org.apache.commons_commons-compress:src/main/java/org/apache/commons/compress/harmony/unpack200/bytecode/forms/ByteCodeForm.java - startLine: 116;startOffset: 32;endOffset: 46;endLine: 116,Maintenance (Code Smells)
To-Do,New,Normal,"java:S2390:  ""Remove this reference to NoArgumentForm.""",CRITICAL,20min,Key: AYfl9rbKd9SEFTPV55vD Path: org.apache.commons_commons-compress:src/main/java/org/apache/commons/compress/harmony/unpack200/bytecode/forms/ByteCodeForm.java - startLine: 117;startOffset: 32;endOffset: 46;endLine: 117,Maintenance (Code Smells)
To-Do,New,Normal,"java:S2390:  ""Remove this reference to NoArgumentForm.""",CRITICAL,20min,Key: AYfl9rbKd9SEFTPV55vE Path: org.apache.commons_commons-compress:src/main/java/org/apache/commons/compress/harmony/unpack200/bytecode/forms/ByteCodeForm.java - startLine: 118;startOffset: 32;endOffset: 46;endLine: 118,Maintenance (Code Smells)
To-Do,New,Normal,"java:S2390:  ""Remove this reference to NoArgumentForm.""",CRITICAL,20min,Key: AYfl9rbKd9SEFTPV55vF Path: org.apache.commons_commons-compress:src/main/java/org/apache/commons/compress/harmony/unpack200/bytecode/forms/ByteCodeForm.java - startLine: 119;startOffset: 32;endOffset: 46;endLine: 119,Maintenance (Code Smells)
To-Do,New,Normal,"java:S2390:  ""Remove this reference to NoArgumentForm.""",CRITICAL,20min,Key: AYfl9rbKd9SEFTPV55vG Path: org.apache.commons_commons-compress:src/main/java/org/apache/commons/compress/harmony/unpack200/bytecode/forms/ByteCodeForm.java - startLine: 120;startOffset: 32;endOffset: 46;endLine: 120,Maintenance (Code Smells)
To-Do,New,Normal,"java:S2390:  ""Remove this reference to NoArgumentForm.""",CRITICAL,20min,Key: AYfl9rbKd9SEFTPV55vH Path: org.apache.commons_commons-compress:src/main/java/org/apache/commons/compress/harmony/unpack200/bytecode/forms/ByteCodeForm.java - startLine: 121;startOffset: 32;endOffset: 46;endLine: 121,Maintenance (Code Smells)
To-Do,New,Normal,"java:S2390:  ""Remove this reference to NoArgumentForm.""",CRITICAL,20min,Key: AYfl9rbKd9SEFTPV55vI Path: org.apache.commons_commons-compress:src/main/java/org/apache/commons/compress/harmony/unpack200/bytecode/forms/ByteCodeForm.java - startLine: 122;startOffset: 32;endOffset: 46;endLine: 122,Maintenance (Code Smells)
To-Do,New,Normal,"java:S2390:  ""Remove this reference to NoArgumentForm.""",CRITICAL,20min,Key: AYfl9rbKd9SEFTPV55vJ Path: org.apache.commons_commons-compress:src/main/java/org/apache/commons/compress/harmony/unpack200/bytecode/forms/ByteCodeForm.java - startLine: 123;startOffset: 32;endOffset: 46;endLine: 123,Maintenance (Code Smells)
To-Do,New,Normal,"java:S2390:  ""Remove this reference to NoArgumentForm.""",CRITICAL,20min,Key: AYfl9rbKd9SEFTPV55vK Path: org.apache.commons_commons-compress:src/main/java/org/apache/commons/compress/harmony/unpack200/bytecode/forms/ByteCodeForm.java - startLine: 124;startOffset: 32;endOffset: 46;endLine: 124,Maintenance (Code Smells)
To-Do,New,Normal,"java:S2390:  ""Remove this reference to NoArgumentForm.""",CRITICAL,20min,Key: AYfl9rbKd9SEFTPV55vL Path: org.apache.commons_commons-compress:src/main/java/org/apache/commons/compress/harmony/unpack200/bytecode/forms/ByteCodeForm.java - startLine: 125;startOffset: 32;endOffset: 46;endLine: 125,Maintenance (Code Smells)
To-Do,New,Normal,"java:S2390:  ""Remove this reference to NoArgumentForm.""",CRITICAL,20min,Key: AYfl9rbKd9SEFTPV55vM Path: org.apache.commons_commons-compress:src/main/java/org/apache/commons/compress/harmony/unpack200/bytecode/forms/ByteCodeForm.java - startLine: 126;startOffset: 32;endOffset: 46;endLine: 126,Maintenance (Code Smells)
To-Do,New,Normal,"java:S2390:  ""Remove this reference to NoArgumentForm.""",CRITICAL,20min,Key: AYfl9rbKd9SEFTPV55vN Path: org.apache.commons_commons-compress:src/main/java/org/apache/commons/compress/harmony/unpack200/bytecode/forms/ByteCodeForm.java - startLine: 127;startOffset: 32;endOffset: 46;endLine: 127,Maintenance (Code Smells)
To-Do,New,Normal,"java:S2390:  ""Remove this reference to NoArgumentForm.""",CRITICAL,20min,Key: AYfl9rbKd9SEFTPV55vO Path: org.apache.commons_commons-compress:src/main/java/org/apache/commons/compress/harmony/unpack200/bytecode/forms/ByteCodeForm.java - startLine: 128;startOffset: 32;endOffset: 46;endLine: 128,Maintenance (Code Smells)
To-Do,New,Normal,"java:S2390:  ""Remove this reference to NoArgumentForm.""",CRITICAL,20min,Key: AYfl9rbKd9SEFTPV55vP Path: org.apache.commons_commons-compress:src/main/java/org/apache/commons/compress/harmony/unpack200/bytecode/forms/ByteCodeForm.java - startLine: 129;startOffset: 32;endOffset: 46;endLine: 129,Maintenance (Code Smells)
To-Do,New,Normal,"java:S2390:  ""Remove this reference to NoArgumentForm.""",CRITICAL,20min,Key: AYfl9rbKd9SEFTPV55vQ Path: org.apache.commons_commons-compress:src/main/java/org/apache/commons/compress/harmony/unpack200/bytecode/forms/ByteCodeForm.java - startLine: 130;startOffset: 32;endOffset: 46;endLine: 130,Maintenance (Code Smells)
To-Do,New,Normal,"java:S2390:  ""Remove this reference to NoArgumentForm.""",CRITICAL,20min,Key: AYfl9rbKd9SEFTPV55vR Path: org.apache.commons_commons-compress:src/main/java/org/apache/commons/compress/harmony/unpack200/bytecode/forms/ByteCodeForm.java - startLine: 131;startOffset: 32;endOffset: 46;endLine: 131,Maintenance (Code Smells)
To-Do,New,Normal,"java:S2390:  ""Remove this reference to NoArgumentForm.""",CRITICAL,20min,Key: AYfl9rbKd9SEFTPV55vS Path: org.apache.commons_commons-compress:src/main/java/org/apache/commons/compress/harmony/unpack200/bytecode/forms/ByteCodeForm.java - startLine: 132;startOffset: 32;endOffset: 46;endLine: 132,Maintenance (Code Smells)
To-Do,New,Normal,"java:S2390:  ""Remove this reference to NoArgumentForm.""",CRITICAL,20min,Key: AYfl9rbKd9SEFTPV55vT Path: org.apache.commons_commons-compress:src/main/java/org/apache/commons/compress/harmony/unpack200/bytecode/forms/ByteCodeForm.java - startLine: 133;startOffset: 32;endOffset: 46;endLine: 133,Maintenance (Code Smells)
To-Do,New,Normal,"java:S2390:  ""Remove this reference to NoArgumentForm.""",CRITICAL,20min,Key: AYfl9rbKd9SEFTPV55vU Path: org.apache.commons_commons-compress:src/main/java/org/apache/commons/compress/harmony/unpack200/bytecode/forms/ByteCodeForm.java - startLine: 134;startOffset: 33;endOffset: 47;endLine: 134,Maintenance (Code Smells)
To-Do,New,Normal,"java:S2390:  ""Remove this reference to NoArgumentForm.""",CRITICAL,20min,Key: AYfl9rbKd9SEFTPV55vV Path: org.apache.commons_commons-compress:src/main/java/org/apache/commons/compress/harmony/unpack200/bytecode/forms/ByteCodeForm.java - startLine: 135;startOffset: 33;endOffset: 47;endLine: 135,Maintenance (Code Smells)
To-Do,New,Normal,"java:S2390:  ""Remove this reference to NoArgumentForm.""",CRITICAL,20min,Key: AYfl9rbKd9SEFTPV55vW Path: org.apache.commons_commons-compress:src/main/java/org/apache/commons/compress/harmony/unpack200/bytecode/forms/ByteCodeForm.java - startLine: 136;startOffset: 33;endOffset: 47;endLine: 136,Maintenance (Code Smells)
To-Do,New,Normal,"java:S2390:  ""Remove this reference to NoArgumentForm.""",CRITICAL,20min,Key: AYfl9rbKd9SEFTPV55vX Path: org.apache.commons_commons-compress:src/main/java/org/apache/commons/compress/harmony/unpack200/bytecode/forms/ByteCodeForm.java - startLine: 137;startOffset: 33;endOffset: 47;endLine: 137,Maintenance (Code Smells)
To-Do,New,Normal,"java:S2390:  ""Remove this reference to NoArgumentForm.""",CRITICAL,20min,Key: AYfl9rbKd9SEFTPV55vY Path: org.apache.commons_commons-compress:src/main/java/org/apache/commons/compress/harmony/unpack200/bytecode/forms/ByteCodeForm.java - startLine: 138;startOffset: 33;endOffset: 47;endLine: 138,Maintenance (Code Smells)
To-Do,New,Normal,"java:S2390:  ""Remove this reference to NoArgumentForm.""",CRITICAL,20min,Key: AYfl9rbKd9SEFTPV55vZ Path: org.apache.commons_commons-compress:src/main/java/org/apache/commons/compress/harmony/unpack200/bytecode/forms/ByteCodeForm.java - startLine: 139;startOffset: 33;endOffset: 47;endLine: 139,Maintenance (Code Smells)
To-Do,New,Normal,"java:S2390:  ""Remove this reference to NoArgumentForm.""",CRITICAL,20min,Key: AYfl9rbKd9SEFTPV55va Path: org.apache.commons_commons-compress:src/main/java/org/apache/commons/compress/harmony/unpack200/bytecode/forms/ByteCodeForm.java - startLine: 140;startOffset: 33;endOffset: 47;endLine: 140,Maintenance (Code Smells)
To-Do,New,Normal,"java:S2390:  ""Remove this reference to NoArgumentForm.""",CRITICAL,20min,Key: AYfl9rbKd9SEFTPV55vb Path: org.apache.commons_commons-compress:src/main/java/org/apache/commons/compress/harmony/unpack200/bytecode/forms/ByteCodeForm.java - startLine: 141;startOffset: 33;endOffset: 47;endLine: 141,Maintenance (Code Smells)
To-Do,New,Normal,"java:S2390:  ""Remove this reference to NoArgumentForm.""",CRITICAL,20min,Key: AYfl9rbKd9SEFTPV55vc Path: org.apache.commons_commons-compress:src/main/java/org/apache/commons/compress/harmony/unpack200/bytecode/forms/ByteCodeForm.java - startLine: 142;startOffset: 33;endOffset: 47;endLine: 142,Maintenance (Code Smells)
To-Do,New,Normal,"java:S2390:  ""Remove this reference to NoArgumentForm.""",CRITICAL,20min,Key: AYfl9rbKd9SEFTPV55vd Path: org.apache.commons_commons-compress:src/main/java/org/apache/commons/compress/harmony/unpack200/bytecode/forms/ByteCodeForm.java - startLine: 143;startOffset: 33;endOffset: 47;endLine: 143,Maintenance (Code Smells)
To-Do,New,Normal,"java:S2390:  ""Remove this reference to NoArgumentForm.""",CRITICAL,20min,Key: AYfl9rbKd9SEFTPV55ve Path: org.apache.commons_commons-compress:src/main/java/org/apache/commons/compress/harmony/unpack200/bytecode/forms/ByteCodeForm.java - startLine: 144;startOffset: 33;endOffset: 47;endLine: 144,Maintenance (Code Smells)
To-Do,New,Normal,"java:S2390:  ""Remove this reference to NoArgumentForm.""",CRITICAL,20min,Key: AYfl9rbKd9SEFTPV55vf Path: org.apache.commons_commons-compress:src/main/java/org/apache/commons/compress/harmony/unpack200/bytecode/forms/ByteCodeForm.java - startLine: 145;startOffset: 33;endOffset: 47;endLine: 145,Maintenance (Code Smells)
To-Do,New,Normal,"java:S2390:  ""Remove this reference to NoArgumentForm.""",CRITICAL,20min,Key: AYfl9rbKd9SEFTPV55vg Path: org.apache.commons_commons-compress:src/main/java/org/apache/commons/compress/harmony/unpack200/bytecode/forms/ByteCodeForm.java - startLine: 146;startOffset: 33;endOffset: 47;endLine: 146,Maintenance (Code Smells)
To-Do,New,Normal,"java:S2390:  ""Remove this reference to NoArgumentForm.""",CRITICAL,20min,Key: AYfl9rbKd9SEFTPV55vh Path: org.apache.commons_commons-compress:src/main/java/org/apache/commons/compress/harmony/unpack200/bytecode/forms/ByteCodeForm.java - startLine: 147;startOffset: 33;endOffset: 47;endLine: 147,Maintenance (Code Smells)
To-Do,New,Normal,"java:S2390:  ""Remove this reference to NoArgumentForm.""",CRITICAL,20min,Key: AYfl9rbKd9SEFTPV55vi Path: org.apache.commons_commons-compress:src/main/java/org/apache/commons/compress/harmony/unpack200/bytecode/forms/ByteCodeForm.java - startLine: 148;startOffset: 33;endOffset: 47;endLine: 148,Maintenance (Code Smells)
To-Do,New,Normal,"java:S2390:  ""Remove this reference to NoArgumentForm.""",CRITICAL,20min,Key: AYfl9rbKd9SEFTPV55vj Path: org.apache.commons_commons-compress:src/main/java/org/apache/commons/compress/harmony/unpack200/bytecode/forms/ByteCodeForm.java - startLine: 149;startOffset: 33;endOffset: 47;endLine: 149,Maintenance (Code Smells)
To-Do,New,Normal,"java:S2390:  ""Remove this reference to NoArgumentForm.""",CRITICAL,20min,Key: AYfl9rbKd9SEFTPV55vk Path: org.apache.commons_commons-compress:src/main/java/org/apache/commons/compress/harmony/unpack200/bytecode/forms/ByteCodeForm.java - startLine: 150;startOffset: 33;endOffset: 47;endLine: 150,Maintenance (Code Smells)
To-Do,New,Normal,"java:S2390:  ""Remove this reference to NoArgumentForm.""",CRITICAL,20min,Key: AYfl9rbKd9SEFTPV55vl Path: org.apache.commons_commons-compress:src/main/java/org/apache/commons/compress/harmony/unpack200/bytecode/forms/ByteCodeForm.java - startLine: 151;startOffset: 33;endOffset: 47;endLine: 151,Maintenance (Code Smells)
To-Do,New,Normal,"java:S2390:  ""Remove this reference to NoArgumentForm.""",CRITICAL,20min,Key: AYfl9rbKd9SEFTPV55vm Path: org.apache.commons_commons-compress:src/main/java/org/apache/commons/compress/harmony/unpack200/bytecode/forms/ByteCodeForm.java - startLine: 152;startOffset: 33;endOffset: 47;endLine: 152,Maintenance (Code Smells)
To-Do,New,Normal,"java:S2390:  ""Remove this reference to NoArgumentForm.""",CRITICAL,20min,Key: AYfl9rbKd9SEFTPV55vn Path: org.apache.commons_commons-compress:src/main/java/org/apache/commons/compress/harmony/unpack200/bytecode/forms/ByteCodeForm.java - startLine: 153;startOffset: 33;endOffset: 47;endLine: 153,Maintenance (Code Smells)
To-Do,New,Normal,"java:S2390:  ""Remove this reference to NoArgumentForm.""",CRITICAL,20min,Key: AYfl9rbKd9SEFTPV55vo Path: org.apache.commons_commons-compress:src/main/java/org/apache/commons/compress/harmony/unpack200/bytecode/forms/ByteCodeForm.java - startLine: 154;startOffset: 33;endOffset: 47;endLine: 154,Maintenance (Code Smells)
To-Do,New,Normal,"java:S2390:  ""Remove this reference to NoArgumentForm.""",CRITICAL,20min,Key: AYfl9rbKd9SEFTPV55vp Path: org.apache.commons_commons-compress:src/main/java/org/apache/commons/compress/harmony/unpack200/bytecode/forms/ByteCodeForm.java - startLine: 155;startOffset: 33;endOffset: 47;endLine: 155,Maintenance (Code Smells)
To-Do,New,Normal,"java:S2390:  ""Remove this reference to NoArgumentForm.""",CRITICAL,20min,Key: AYfl9rbKd9SEFTPV55vq Path: org.apache.commons_commons-compress:src/main/java/org/apache/commons/compress/harmony/unpack200/bytecode/forms/ByteCodeForm.java - startLine: 156;startOffset: 33;endOffset: 47;endLine: 156,Maintenance (Code Smells)
To-Do,New,Normal,"java:S2390:  ""Remove this reference to NoArgumentForm.""",CRITICAL,20min,Key: AYfl9rbKd9SEFTPV55vr Path: org.apache.commons_commons-compress:src/main/java/org/apache/commons/compress/harmony/unpack200/bytecode/forms/ByteCodeForm.java - startLine: 157;startOffset: 33;endOffset: 47;endLine: 157,Maintenance (Code Smells)
To-Do,New,Normal,"java:S2390:  ""Remove this reference to NoArgumentForm.""",CRITICAL,20min,Key: AYfl9rbKd9SEFTPV55vs Path: org.apache.commons_commons-compress:src/main/java/org/apache/commons/compress/harmony/unpack200/bytecode/forms/ByteCodeForm.java - startLine: 158;startOffset: 33;endOffset: 47;endLine: 158,Maintenance (Code Smells)
To-Do,New,Normal,"java:S2390:  ""Remove this reference to NoArgumentForm.""",CRITICAL,20min,Key: AYfl9rbKd9SEFTPV55vt Path: org.apache.commons_commons-compress:src/main/java/org/apache/commons/compress/harmony/unpack200/bytecode/forms/ByteCodeForm.java - startLine: 159;startOffset: 33;endOffset: 47;endLine: 159,Maintenance (Code Smells)
To-Do,New,Normal,"java:S2390:  ""Remove this reference to NoArgumentForm.""",CRITICAL,20min,Key: AYfl9rbKd9SEFTPV55vu Path: org.apache.commons_commons-compress:src/main/java/org/apache/commons/compress/harmony/unpack200/bytecode/forms/ByteCodeForm.java - startLine: 160;startOffset: 33;endOffset: 47;endLine: 160,Maintenance (Code Smells)
To-Do,New,Normal,"java:S2390:  ""Remove this reference to NoArgumentForm.""",CRITICAL,20min,Key: AYfl9rbKd9SEFTPV55vv Path: org.apache.commons_commons-compress:src/main/java/org/apache/commons/compress/harmony/unpack200/bytecode/forms/ByteCodeForm.java - startLine: 161;startOffset: 33;endOffset: 47;endLine: 161,Maintenance (Code Smells)
To-Do,New,Normal,"java:S2390:  ""Remove this reference to NoArgumentForm.""",CRITICAL,20min,Key: AYfl9rbKd9SEFTPV55vw Path: org.apache.commons_commons-compress:src/main/java/org/apache/commons/compress/harmony/unpack200/bytecode/forms/ByteCodeForm.java - startLine: 162;startOffset: 33;endOffset: 47;endLine: 162,Maintenance (Code Smells)
To-Do,New,Normal,"java:S2390:  ""Remove this reference to NoArgumentForm.""",CRITICAL,20min,Key: AYfl9rbKd9SEFTPV55vx Path: org.apache.commons_commons-compress:src/main/java/org/apache/commons/compress/harmony/unpack200/bytecode/forms/ByteCodeForm.java - startLine: 163;startOffset: 33;endOffset: 47;endLine: 163,Maintenance (Code Smells)
To-Do,New,Normal,"java:S2390:  ""Remove this reference to NoArgumentForm.""",CRITICAL,20min,Key: AYfl9rbKd9SEFTPV55vy Path: org.apache.commons_commons-compress:src/main/java/org/apache/commons/compress/harmony/unpack200/bytecode/forms/ByteCodeForm.java - startLine: 164;startOffset: 33;endOffset: 47;endLine: 164,Maintenance (Code Smells)
To-Do,New,Normal,"java:S2390:  ""Remove this reference to NoArgumentForm.""",CRITICAL,20min,Key: AYfl9rbKd9SEFTPV55vz Path: org.apache.commons_commons-compress:src/main/java/org/apache/commons/compress/harmony/unpack200/bytecode/forms/ByteCodeForm.java - startLine: 165;startOffset: 33;endOffset: 47;endLine: 165,Maintenance (Code Smells)
To-Do,New,Normal,"java:S2390:  ""Remove this reference to NoArgumentForm.""",CRITICAL,20min,Key: AYfl9rbKd9SEFTPV55v1 Path: org.apache.commons_commons-compress:src/main/java/org/apache/commons/compress/harmony/unpack200/bytecode/forms/ByteCodeForm.java - startLine: 167;startOffset: 33;endOffset: 47;endLine: 167,Maintenance (Code Smells)
To-Do,New,Normal,"java:S2390:  ""Remove this reference to NoArgumentForm.""",CRITICAL,20min,Key: AYfl9rbKd9SEFTPV55v2 Path: org.apache.commons_commons-compress:src/main/java/org/apache/commons/compress/harmony/unpack200/bytecode/forms/ByteCodeForm.java - startLine: 168;startOffset: 33;endOffset: 47;endLine: 168,Maintenance (Code Smells)
To-Do,New,Normal,"java:S2390:  ""Remove this reference to NoArgumentForm.""",CRITICAL,20min,Key: AYfl9rbKd9SEFTPV55v3 Path: org.apache.commons_commons-compress:src/main/java/org/apache/commons/compress/harmony/unpack200/bytecode/forms/ByteCodeForm.java - startLine: 169;startOffset: 33;endOffset: 47;endLine: 169,Maintenance (Code Smells)
To-Do,New,Normal,"java:S2390:  ""Remove this reference to NoArgumentForm.""",CRITICAL,20min,Key: AYfl9rbKd9SEFTPV55v4 Path: org.apache.commons_commons-compress:src/main/java/org/apache/commons/compress/harmony/unpack200/bytecode/forms/ByteCodeForm.java - startLine: 170;startOffset: 33;endOffset: 47;endLine: 170,Maintenance (Code Smells)
To-Do,New,Normal,"java:S2390:  ""Remove this reference to NoArgumentForm.""",CRITICAL,20min,Key: AYfl9rbKd9SEFTPV55v5 Path: org.apache.commons_commons-compress:src/main/java/org/apache/commons/compress/harmony/unpack200/bytecode/forms/ByteCodeForm.java - startLine: 171;startOffset: 33;endOffset: 47;endLine: 171,Maintenance (Code Smells)
To-Do,New,Normal,"java:S2390:  ""Remove this reference to NoArgumentForm.""",CRITICAL,20min,Key: AYfl9rbKd9SEFTPV55v6 Path: org.apache.commons_commons-compress:src/main/java/org/apache/commons/compress/harmony/unpack200/bytecode/forms/ByteCodeForm.java - startLine: 172;startOffset: 33;endOffset: 47;endLine: 172,Maintenance (Code Smells)
To-Do,New,Normal,"java:S2390:  ""Remove this reference to NoArgumentForm.""",CRITICAL,20min,Key: AYfl9rbKd9SEFTPV55v7 Path: org.apache.commons_commons-compress:src/main/java/org/apache/commons/compress/harmony/unpack200/bytecode/forms/ByteCodeForm.java - startLine: 173;startOffset: 33;endOffset: 47;endLine: 173,Maintenance (Code Smells)
To-Do,New,Normal,"java:S2390:  ""Remove this reference to NoArgumentForm.""",CRITICAL,20min,Key: AYfl9rbKd9SEFTPV55v8 Path: org.apache.commons_commons-compress:src/main/java/org/apache/commons/compress/harmony/unpack200/bytecode/forms/ByteCodeForm.java - startLine: 174;startOffset: 33;endOffset: 47;endLine: 174,Maintenance (Code Smells)
To-Do,New,Normal,"java:S2390:  ""Remove this reference to NoArgumentForm.""",CRITICAL,20min,Key: AYfl9rbKd9SEFTPV55v9 Path: org.apache.commons_commons-compress:src/main/java/org/apache/commons/compress/harmony/unpack200/bytecode/forms/ByteCodeForm.java - startLine: 175;startOffset: 33;endOffset: 47;endLine: 175,Maintenance (Code Smells)
To-Do,New,Normal,"java:S2390:  ""Remove this reference to NoArgumentForm.""",CRITICAL,20min,Key: AYfl9rbKd9SEFTPV55v- Path: org.apache.commons_commons-compress:src/main/java/org/apache/commons/compress/harmony/unpack200/bytecode/forms/ByteCodeForm.java - startLine: 176;startOffset: 33;endOffset: 47;endLine: 176,Maintenance (Code Smells)
To-Do,New,Normal,"java:S2390:  ""Remove this reference to NoArgumentForm.""",CRITICAL,20min,Key: AYfl9rbKd9SEFTPV55v_ Path: org.apache.commons_commons-compress:src/main/java/org/apache/commons/compress/harmony/unpack200/bytecode/forms/ByteCodeForm.java - startLine: 177;startOffset: 33;endOffset: 47;endLine: 177,Maintenance (Code Smells)
To-Do,New,Normal,"java:S2390:  ""Remove this reference to NoArgumentForm.""",CRITICAL,20min,Key: AYfl9rbKd9SEFTPV55wA Path: org.apache.commons_commons-compress:src/main/java/org/apache/commons/compress/harmony/unpack200/bytecode/forms/ByteCodeForm.java - startLine: 178;startOffset: 33;endOffset: 47;endLine: 178,Maintenance (Code Smells)
To-Do,New,Normal,"java:S2390:  ""Remove this reference to NoArgumentForm.""",CRITICAL,20min,Key: AYfl9rbKd9SEFTPV55wB Path: org.apache.commons_commons-compress:src/main/java/org/apache/commons/compress/harmony/unpack200/bytecode/forms/ByteCodeForm.java - startLine: 179;startOffset: 33;endOffset: 47;endLine: 179,Maintenance (Code Smells)
To-Do,New,Normal,"java:S2390:  ""Remove this reference to NoArgumentForm.""",CRITICAL,20min,Key: AYfl9rbKd9SEFTPV55wC Path: org.apache.commons_commons-compress:src/main/java/org/apache/commons/compress/harmony/unpack200/bytecode/forms/ByteCodeForm.java - startLine: 180;startOffset: 33;endOffset: 47;endLine: 180,Maintenance (Code Smells)
To-Do,New,Normal,"java:S2390:  ""Remove this reference to NoArgumentForm.""",CRITICAL,20min,Key: AYfl9rbKd9SEFTPV55wD Path: org.apache.commons_commons-compress:src/main/java/org/apache/commons/compress/harmony/unpack200/bytecode/forms/ByteCodeForm.java - startLine: 181;startOffset: 33;endOffset: 47;endLine: 181,Maintenance (Code Smells)
To-Do,New,Normal,"java:S2390:  ""Remove this reference to NoArgumentForm.""",CRITICAL,20min,Key: AYfl9rbKd9SEFTPV55wE Path: org.apache.commons_commons-compress:src/main/java/org/apache/commons/compress/harmony/unpack200/bytecode/forms/ByteCodeForm.java - startLine: 182;startOffset: 33;endOffset: 47;endLine: 182,Maintenance (Code Smells)
To-Do,New,Normal,"java:S2390:  ""Remove this reference to NoArgumentForm.""",CRITICAL,20min,Key: AYfl9rbKd9SEFTPV55wF Path: org.apache.commons_commons-compress:src/main/java/org/apache/commons/compress/harmony/unpack200/bytecode/forms/ByteCodeForm.java - startLine: 183;startOffset: 33;endOffset: 47;endLine: 183,Maintenance (Code Smells)
To-Do,New,Normal,"java:S2390:  ""Remove this reference to NoArgumentForm.""",CRITICAL,20min,Key: AYfl9rbKd9SEFTPV55wG Path: org.apache.commons_commons-compress:src/main/java/org/apache/commons/compress/harmony/unpack200/bytecode/forms/ByteCodeForm.java - startLine: 184;startOffset: 33;endOffset: 47;endLine: 184,Maintenance (Code Smells)
To-Do,New,Normal,"java:S2390:  ""Remove this reference to NoArgumentForm.""",CRITICAL,20min,Key: AYfl9rbKd9SEFTPV55wH Path: org.apache.commons_commons-compress:src/main/java/org/apache/commons/compress/harmony/unpack200/bytecode/forms/ByteCodeForm.java - startLine: 185;startOffset: 33;endOffset: 47;endLine: 185,Maintenance (Code Smells)
To-Do,New,Normal,"java:S2390:  ""Remove this reference to NoArgumentForm.""",CRITICAL,20min,Key: AYfl9rbKd9SEFTPV55wI Path: org.apache.commons_commons-compress:src/main/java/org/apache/commons/compress/harmony/unpack200/bytecode/forms/ByteCodeForm.java - startLine: 186;startOffset: 33;endOffset: 47;endLine: 186,Maintenance (Code Smells)
To-Do,New,Normal,"java:S2390:  ""Remove this reference to LocalForm.""",CRITICAL,20min,Key: AYfl9rbKd9SEFTPV55wZ Path: org.apache.commons_commons-compress:src/main/java/org/apache/commons/compress/harmony/unpack200/bytecode/forms/ByteCodeForm.java - startLine: 203;startOffset: 33;endOffset: 42;endLine: 203,Maintenance (Code Smells)
To-Do,New,Normal,"java:S2390:  ""Remove this reference to TableSwitchForm.""",CRITICAL,20min,Key: AYfl9rbKd9SEFTPV55wa Path: org.apache.commons_commons-compress:src/main/java/org/apache/commons/compress/harmony/unpack200/bytecode/forms/ByteCodeForm.java - startLine: 204;startOffset: 33;endOffset: 48;endLine: 204,Maintenance (Code Smells)
To-Do,New,Normal,"java:S2390:  ""Remove this reference to LookupSwitchForm.""",CRITICAL,20min,Key: AYfl9rbKd9SEFTPV55wb Path: org.apache.commons_commons-compress:src/main/java/org/apache/commons/compress/harmony/unpack200/bytecode/forms/ByteCodeForm.java - startLine: 205;startOffset: 33;endOffset: 49;endLine: 205,Maintenance (Code Smells)
To-Do,New,Normal,"java:S2390:  ""Remove this reference to NoArgumentForm.""",CRITICAL,20min,Key: AYfl9rbKd9SEFTPV55wc Path: org.apache.commons_commons-compress:src/main/java/org/apache/commons/compress/harmony/unpack200/bytecode/forms/ByteCodeForm.java - startLine: 206;startOffset: 33;endOffset: 47;endLine: 206,Maintenance (Code Smells)
To-Do,New,Normal,"java:S2390:  ""Remove this reference to NoArgumentForm.""",CRITICAL,20min,Key: AYfl9rbKd9SEFTPV55wd Path: org.apache.commons_commons-compress:src/main/java/org/apache/commons/compress/harmony/unpack200/bytecode/forms/ByteCodeForm.java - startLine: 207;startOffset: 33;endOffset: 47;endLine: 207,Maintenance (Code Smells)
To-Do,New,Normal,"java:S2390:  ""Remove this reference to NoArgumentForm.""",CRITICAL,20min,Key: AYfl9rbKd9SEFTPV55we Path: org.apache.commons_commons-compress:src/main/java/org/apache/commons/compress/harmony/unpack200/bytecode/forms/ByteCodeForm.java - startLine: 208;startOffset: 33;endOffset: 47;endLine: 208,Maintenance (Code Smells)
To-Do,New,Normal,"java:S2390:  ""Remove this reference to NoArgumentForm.""",CRITICAL,20min,Key: AYfl9rbKd9SEFTPV55wf Path: org.apache.commons_commons-compress:src/main/java/org/apache/commons/compress/harmony/unpack200/bytecode/forms/ByteCodeForm.java - startLine: 209;startOffset: 33;endOffset: 47;endLine: 209,Maintenance (Code Smells)
To-Do,New,Normal,"java:S2390:  ""Remove this reference to NoArgumentForm.""",CRITICAL,20min,Key: AYfl9rbKd9SEFTPV55wg Path: org.apache.commons_commons-compress:src/main/java/org/apache/commons/compress/harmony/unpack200/bytecode/forms/ByteCodeForm.java - startLine: 210;startOffset: 33;endOffset: 47;endLine: 210,Maintenance (Code Smells)
To-Do,New,Normal,"java:S2390:  ""Remove this reference to NoArgumentForm.""",CRITICAL,20min,Key: AYfl9rbKd9SEFTPV55wh Path: org.apache.commons_commons-compress:src/main/java/org/apache/commons/compress/harmony/unpack200/bytecode/forms/ByteCodeForm.java - startLine: 211;startOffset: 33;endOffset: 47;endLine: 211,Maintenance (Code Smells)
To-Do,New,Normal,"java:S2390:  ""Remove this reference to NoArgumentForm.""",CRITICAL,20min,Key: AYfl9rbKd9SEFTPV55wq Path: org.apache.commons_commons-compress:src/main/java/org/apache/commons/compress/harmony/unpack200/bytecode/forms/ByteCodeForm.java - startLine: 220;startOffset: 33;endOffset: 47;endLine: 220,Maintenance (Code Smells)
To-Do,New,Normal,"java:S2390:  ""Remove this reference to NoArgumentForm.""",CRITICAL,20min,Key: AYfl9rbKd9SEFTPV55wu Path: org.apache.commons_commons-compress:src/main/java/org/apache/commons/compress/harmony/unpack200/bytecode/forms/ByteCodeForm.java - startLine: 224;startOffset: 33;endOffset: 47;endLine: 224,Maintenance (Code Smells)
To-Do,New,Normal,"java:S2390:  ""Remove this reference to NoArgumentForm.""",CRITICAL,20min,Key: AYfl9rbKd9SEFTPV55wv Path: org.apache.commons_commons-compress:src/main/java/org/apache/commons/compress/harmony/unpack200/bytecode/forms/ByteCodeForm.java - startLine: 225;startOffset: 33;endOffset: 47;endLine: 225,Maintenance (Code Smells)
To-Do,New,Normal,"java:S2390:  ""Remove this reference to NoArgumentForm.""",CRITICAL,20min,Key: AYfl9rbKd9SEFTPV55wy Path: org.apache.commons_commons-compress:src/main/java/org/apache/commons/compress/harmony/unpack200/bytecode/forms/ByteCodeForm.java - startLine: 228;startOffset: 33;endOffset: 47;endLine: 228,Maintenance (Code Smells)
To-Do,New,Normal,"java:S2390:  ""Remove this reference to NoArgumentForm.""",CRITICAL,20min,Key: AYfl9rbKd9SEFTPV55wz Path: org.apache.commons_commons-compress:src/main/java/org/apache/commons/compress/harmony/unpack200/bytecode/forms/ByteCodeForm.java - startLine: 229;startOffset: 33;endOffset: 47;endLine: 229,Maintenance (Code Smells)
To-Do,New,Normal,"java:S2390:  ""Remove this reference to WideForm.""",CRITICAL,20min,Key: AYfl9rbKd9SEFTPV55w0 Path: org.apache.commons_commons-compress:src/main/java/org/apache/commons/compress/harmony/unpack200/bytecode/forms/ByteCodeForm.java - startLine: 230;startOffset: 33;endOffset: 41;endLine: 230,Maintenance (Code Smells)
To-Do,New,Normal,"java:S2390:  ""Remove this reference to IntRefForm.""",CRITICAL,20min,Key: AYfl9rbKd9SEFTPV55xa Path: org.apache.commons_commons-compress:src/main/java/org/apache/commons/compress/harmony/unpack200/bytecode/forms/ByteCodeForm.java - startLine: 270;startOffset: 33;endOffset: 43;endLine: 270,Maintenance (Code Smells)
To-Do,New,Normal,"java:S2390:  ""Remove this reference to FloatRefForm.""",CRITICAL,20min,Key: AYfl9rbKd9SEFTPV55xb Path: org.apache.commons_commons-compress:src/main/java/org/apache/commons/compress/harmony/unpack200/bytecode/forms/ByteCodeForm.java - startLine: 271;startOffset: 33;endOffset: 45;endLine: 271,Maintenance (Code Smells)
To-Do,New,Normal,"java:S2390:  ""Remove this reference to NoArgumentForm.""",CRITICAL,20min,Key: AYfl9rbKd9SEFTPV55xg Path: org.apache.commons_commons-compress:src/main/java/org/apache/commons/compress/harmony/unpack200/bytecode/forms/ByteCodeForm.java - startLine: 278;startOffset: 33;endOffset: 47;endLine: 278,Maintenance (Code Smells)
To-Do,New,Normal,"java:S2390:  ""Remove this reference to NoArgumentForm.""",CRITICAL,20min,Key: AYfl9rbKd9SEFTPV55xh Path: org.apache.commons_commons-compress:src/main/java/org/apache/commons/compress/harmony/unpack200/bytecode/forms/ByteCodeForm.java - startLine: 279;startOffset: 33;endOffset: 47;endLine: 279,Maintenance (Code Smells)