ID,Tracker,Status,Priority,Subject,Category,Estimated time,Description,Caratteristica di riferimento,,Assegnatario,Tempo Effettivo,Hash Commit
K1,To-Do,New,Normal,"java:S1874:  ""Remove this use of newInstance; it is deprecated.""",MINOR,15min,Key: AYfl9rqfd9SEFTPV56CX Path: org.apache.commons_commons-compress:src/main/java/org/apache/commons/compress/archivers/zip/ExtraFieldUtils.java - startLine: 410;startOffset: 55;endOffset: 66;endLine: 410,Maintenance (Code Smells),,Matteo Razionale,0h5m,77d0048d1c413b8fea1b9e334cdfef54876a7961
K2,To-Do,New,Normal,"java:S1874:  ""Remove this use of b; it is deprecated.""",MINOR,15min,Key: AYfl9rjhd9SEFTPV5578 Path: org.apache.commons_commons-compress:src/main/java/org/apache/commons/compress/harmony/pack200/Archive.java - startLine: 105;startOffset: 73;endOffset: 74;endLine: 105,Maintenance (Code Smells),,Matteo Razionale,rejected,
K3,To-Do,New,Normal,"java:S1874:  ""Remove this use of b; it is deprecated.""",MINOR,15min,Key: AYfl9rhsd9SEFTPV555g Path: org.apache.commons_commons-compress:src/main/java/org/apache/commons/compress/harmony/pack200/NewAttribute.java - startLine: 188;startOffset: 28;endOffset: 29;endLine: 188,Maintenance (Code Smells),,Matteo Razionale,rejected,
K4,To-Do,New,Normal,"java:S1874:  ""Don't override a deprecated method or explicitly mark it as @Deprecated.""",MINOR,15min,Key: AYfl9rjNd9SEFTPV557z Path: org.apache.commons_commons-compress:src/main/java/org/apache/commons/compress/harmony/pack200/Segment.java - startLine: 422;startOffset: 20;endOffset: 35;endLine: 422,Maintenance (Code Smells),,Matteo Razionale,rejected,
K5,To-Do,New,Normal,"java:S1874:  ""Remove this use of b; it is deprecated.""",MINOR,15min,Key: AYfl9rjNd9SEFTPV5575 Path: org.apache.commons_commons-compress:src/main/java/org/apache/commons/compress/harmony/pack200/Segment.java - startLine: 658;startOffset: 53;endOffset: 54;endLine: 658,Maintenance (Code Smells),,Matteo Razionale,rejected,
K6,To-Do,New,Normal,"java:S1874:  ""Remove this use of newInstance; it is deprecated.""",MINOR,15min,Key: AYfl9rzbd9SEFTPV56GC Path: org.apache.commons_commons-compress:src/main/java/org/apache/commons/compress/java/util/jar/Pack200.java - startLine: 280;startOffset: 75;endOffset: 86;endLine: 280,Maintenance (Code Smells),,Matteo Razionale,rejected,
K7,To-Do,New,Normal,"java:S1874:  ""Remove this use of b; it is deprecated.""",MINOR,15min,Key: AYfl9rjTd9SEFTPV5577 Path: org.apache.commons_commons-compress:src/main/java/org/apache/commons/compress/harmony/pack200/Pack200ClassReader.java - startLine: 61;startOffset: 25;endOffset: 26;endLine: 61,Maintenance (Code Smells),,Matteo Razionale,rejected,
K8,To-Do,New,Normal,"java:S2386:  ""Make this member protected.""",MINOR,15min,Key: AYfl9rj2d9SEFTPV559E Path: org.apache.commons_commons-compress:src/main/java/org/apache/commons/compress/harmony/pack200/CanonicalCodecFamilies.java - startLine: 35;startOffset: 30;endOffset: 53;endLine: 35,Maintenance (Code Smells),,Matteo Razionale,rejected,
K9,To-Do,New,Normal,"java:S2386:  ""Make this member protected.""",MINOR,15min,Key: AYfl9rj2d9SEFTPV559F Path: org.apache.commons_commons-compress:src/main/java/org/apache/commons/compress/harmony/pack200/CanonicalCodecFamilies.java - startLine: 42;startOffset: 30;endOffset: 53;endLine: 42,Maintenance (Code Smells),,Matteo Razionale,rejected,
K10,To-Do,New,Normal,"java:S2386:  ""Make this member protected.""",MINOR,15min,Key: AYfl9rj2d9SEFTPV559G Path: org.apache.commons_commons-compress:src/main/java/org/apache/commons/compress/harmony/pack200/CanonicalCodecFamilies.java - startLine: 49;startOffset: 30;endOffset: 53;endLine: 49,Maintenance (Code Smells),,Matteo Razionale,rejected,
K11,To-Do,New,Normal,"java:S2386:  ""Make this member protected.""",MINOR,15min,Key: AYfl9rj2d9SEFTPV559H Path: org.apache.commons_commons-compress:src/main/java/org/apache/commons/compress/harmony/pack200/CanonicalCodecFamilies.java - startLine: 56;startOffset: 30;endOffset: 53;endLine: 56,Maintenance (Code Smells),,Matteo Razionale,rejected,
K12,To-Do,New,Normal,"java:S2386:  ""Make this member protected.""",MINOR,15min,Key: AYfl9rj2d9SEFTPV559I Path: org.apache.commons_commons-compress:src/main/java/org/apache/commons/compress/harmony/pack200/CanonicalCodecFamilies.java - startLine: 66;startOffset: 30;endOffset: 50;endLine: 66,Maintenance (Code Smells),,Matteo Razionale,rejected,
K13,To-Do,New,Normal,"java:S2386:  ""Make this member protected.""",MINOR,15min,Key: AYfl9rj2d9SEFTPV559J Path: org.apache.commons_commons-compress:src/main/java/org/apache/commons/compress/harmony/pack200/CanonicalCodecFamilies.java - startLine: 72;startOffset: 30;endOffset: 50;endLine: 72,Maintenance (Code Smells),,Matteo Razionale,rejected,
K14,To-Do,New,Normal,"java:S2386:  ""Make this member protected.""",MINOR,15min,Key: AYfl9rj2d9SEFTPV559K Path: org.apache.commons_commons-compress:src/main/java/org/apache/commons/compress/harmony/pack200/CanonicalCodecFamilies.java - startLine: 79;startOffset: 30;endOffset: 50;endLine: 79,Maintenance (Code Smells),,Matteo Razionale,rejected,
K15,To-Do,New,Normal,"java:S2386:  ""Make this member protected.""",MINOR,15min,Key: AYfl9rj2d9SEFTPV559L Path: org.apache.commons_commons-compress:src/main/java/org/apache/commons/compress/harmony/pack200/CanonicalCodecFamilies.java - startLine: 90;startOffset: 30;endOffset: 50;endLine: 90,Maintenance (Code Smells),,Matteo Razionale,rejected,
K16,To-Do,New,Normal,"java:S2386:  ""Make this member protected.""",MINOR,15min,Key: AYfl9rj2d9SEFTPV559M Path: org.apache.commons_commons-compress:src/main/java/org/apache/commons/compress/harmony/pack200/CanonicalCodecFamilies.java - startLine: 101;startOffset: 30;endOffset: 50;endLine: 101,Maintenance (Code Smells),,Matteo Razionale,rejected,
K17,To-Do,New,Normal,"java:S2386:  ""Make this member protected.""",MINOR,15min,Key: AYfl9rj2d9SEFTPV559N Path: org.apache.commons_commons-compress:src/main/java/org/apache/commons/compress/harmony/pack200/CanonicalCodecFamilies.java - startLine: 115;startOffset: 30;endOffset: 48;endLine: 115,Maintenance (Code Smells),,Matteo Razionale,rejected,
K18,To-Do,New,Normal,"java:S2386:  ""Make this member protected.""",MINOR,15min,Key: AYfl9rj2d9SEFTPV559O Path: org.apache.commons_commons-compress:src/main/java/org/apache/commons/compress/harmony/pack200/CanonicalCodecFamilies.java - startLine: 121;startOffset: 30;endOffset: 48;endLine: 121,Maintenance (Code Smells),,Matteo Razionale,rejected,
K19,To-Do,New,Normal,"java:S2386:  ""Make this member protected.""",MINOR,15min,Key: AYfl9rj2d9SEFTPV559P Path: org.apache.commons_commons-compress:src/main/java/org/apache/commons/compress/harmony/pack200/CanonicalCodecFamilies.java - startLine: 128;startOffset: 30;endOffset: 48;endLine: 128,Maintenance (Code Smells),,Matteo Razionale,rejected,
K20,To-Do,New,Normal,"java:S2386:  ""Make this member protected.""",MINOR,15min,Key: AYfl9rj2d9SEFTPV559Q Path: org.apache.commons_commons-compress:src/main/java/org/apache/commons/compress/harmony/pack200/CanonicalCodecFamilies.java - startLine: 139;startOffset: 30;endOffset: 48;endLine: 139,Maintenance (Code Smells),,Matteo Razionale,rejected,
K21,To-Do,New,Normal,"java:S2386:  ""Make this member protected.""",MINOR,15min,Key: AYfl9rj2d9SEFTPV559R Path: org.apache.commons_commons-compress:src/main/java/org/apache/commons/compress/harmony/pack200/CanonicalCodecFamilies.java - startLine: 150;startOffset: 30;endOffset: 48;endLine: 150,Maintenance (Code Smells),,Matteo Razionale,rejected,
K22,To-Do,New,Normal,"java:S2386:  ""Make this member protected.""",MINOR,15min,Key: AYfl9rj2d9SEFTPV559S Path: org.apache.commons_commons-compress:src/main/java/org/apache/commons/compress/harmony/pack200/CanonicalCodecFamilies.java - startLine: 161;startOffset: 30;endOffset: 54;endLine: 161,Maintenance (Code Smells),,Matteo Razionale,rejected,
K23,To-Do,New,Normal,"java:S2386:  ""Make this member protected.""",MINOR,15min,Key: AYfl9rj2d9SEFTPV559T Path: org.apache.commons_commons-compress:src/main/java/org/apache/commons/compress/harmony/pack200/CanonicalCodecFamilies.java - startLine: 171;startOffset: 30;endOffset: 51;endLine: 171,Maintenance (Code Smells),,Matteo Razionale,rejected,
K24,To-Do,New,Normal,"java:S2386:  ""Make this member protected.""",MINOR,15min,Key: AYfl9rj2d9SEFTPV559U Path: org.apache.commons_commons-compress:src/main/java/org/apache/commons/compress/harmony/pack200/CanonicalCodecFamilies.java - startLine: 177;startOffset: 30;endOffset: 51;endLine: 177,Maintenance (Code Smells),,Matteo Razionale,rejected,
K25,To-Do,New,Normal,"java:S2386:  ""Make this member protected.""",MINOR,15min,Key: AYfl9rj2d9SEFTPV559V Path: org.apache.commons_commons-compress:src/main/java/org/apache/commons/compress/harmony/pack200/CanonicalCodecFamilies.java - startLine: 184;startOffset: 30;endOffset: 57;endLine: 184,Maintenance (Code Smells),,Matteo Razionale,rejected,
K26,To-Do,New,Normal,"java:S1210:  ""Override equals(Object obj) to comply with the contract of the compareTo(T o) method.""",MINOR,15min,Key: AYfl9riVd9SEFTPV5556 Path: org.apache.commons_commons-compress:src/main/java/org/apache/commons/compress/harmony/pack200/CPMethodOrField.java - startLine: 35;startOffset: 15;endOffset: 24;endLine: 35,Maintenance (Code Smells),,Matteo Razionale,rejected,
K27,To-Do,New,Normal,"java:S1210:  ""Override equals(Object obj) to comply with the contract of the compareTo(T o) method.""",MINOR,15min,Key: AYfl9ri0d9SEFTPV556- Path: org.apache.commons_commons-compress:src/main/java/org/apache/commons/compress/harmony/pack200/CPNameAndType.java - startLine: 33;startOffset: 15;endOffset: 24;endLine: 33,Maintenance (Code Smells),,Matteo Razionale,rejected,
K28,To-Do,New,Normal,"java:S1210:  ""Override equals(Object obj) to comply with the contract of the compareTo(T o) method.""",MINOR,15min,Key: AYfl9riCd9SEFTPV555t Path: org.apache.commons_commons-compress:src/main/java/org/apache/commons/compress/harmony/pack200/CPSignature.java - startLine: 39;startOffset: 15;endOffset: 24;endLine: 39,Maintenance (Code Smells),,Matteo Razionale,rejected,
K29,To-Do,New,Normal,"java:S1210:  ""Override equals(Object obj) to comply with the contract of the compareTo(T o) method.""",MINOR,15min,Key: AYfl9rkXd9SEFTPV559j Path: org.apache.commons_commons-compress:src/main/java/org/apache/commons/compress/harmony/pack200/CPUTF8.java - startLine: 31;startOffset: 15;endOffset: 24;endLine: 31,Maintenance (Code Smells),,Matteo Razionale,rejected,
K30,To-Do,New,Normal,"java:S2386:  ""Make this member protected.""",MINOR,15min,Key: AYfl9rj2d9SEFTPV559D Path: org.apache.commons_commons-compress:src/main/java/org/apache/commons/compress/harmony/pack200/CanonicalCodecFamilies.java - startLine: 27;startOffset: 30;endOffset: 53;endLine: 27,Maintenance (Code Smells),,Matteo Razionale,rejected,
K31,To-Do,New,Normal,"java:S2386:  ""Make this member protected.""",MINOR,15min,Key: AYfl9rgmd9SEFTPV553E Path: org.apache.commons_commons-compress:src/main/java/org/apache/commons/compress/harmony/unpack200/AttributeLayout.java - startLine: 64;startOffset: 33;endOffset: 45;endLine: 64,Maintenance (Code Smells),,Matteo Razionale,rejected,
K32,To-Do,New,Normal,"java:S2386:  ""Make this member protected.""",MINOR,15min,Key: AYfl9rvwd9SEFTPV56E9 Path: org.apache.commons_commons-compress:src/main/java/org/apache/commons/compress/archivers/examples/Archiver.java - startLine: 99;startOffset: 49;endOffset: 70;endLine: 99,Maintenance (Code Smells),,Matteo Razionale,rejected,
K33,To-Do,New,Normal,"java:S1874:  ""Remove this use of newInstance; it is deprecated.""",MINOR,15min,Key: AYfl9rqfd9SEFTPV56CV Path: org.apache.commons_commons-compress:src/main/java/org/apache/commons/compress/archivers/zip/ExtraFieldUtils.java - startLine: 175;startOffset: 37;endOffset: 48;endLine: 175,Maintenance (Code Smells),,Matteo Razionale,0h20m,94b9a82f5bac1f4fbf92b8f15a5b05e21105c27f
K34,To-Do,New,Normal,"java:S1874:  ""Remove this use of create; it is deprecated.""",MINOR,15min,Key: AYfl9rvwd9SEFTPV56FA Path: org.apache.commons_commons-compress:src/main/java/org/apache/commons/compress/archivers/examples/Archiver.java - startLine: 322;startOffset: 16;endOffset: 22;endLine: 322,Maintenance (Code Smells),,Matteo Razionale,rejected,
K35,To-Do,New,Normal,"java:S1165:  ""Make this offset field final.""",MINOR,15min,Key: AYfl9rs6d9SEFTPV56D_ Path: org.apache.commons_commons-compress:src/main/java/org/apache/commons/compress/archivers/dump/InvalidFormatException.java - startLine: 28;startOffset: 19;endOffset: 25;endLine: 28,Maintenance (Code Smells),,Matteo Razionale,rejected,
K36,To-Do,New,Normal,"java:S135:  ""Reduce the total number of break and continue statements in this loop to use at most one.""",MINOR,1h40min,Key: AYfl9rrId9SEFTPV56Ck Path: org.apache.commons_commons-compress:src/main/java/org/apache/commons/compress/archivers/zip/ZipArchiveInputStream.java - startLine: 644;startOffset: 8;endOffset: 13;endLine: 644,Maintenance (Code Smells),,Matteo Razionale,0h15m,c26d51b5e910a08cbd045c76592c352fcc8ddadc
K37,To-Do,New,Normal,"java:S135:  ""Reduce the total number of break and continue statements in this loop to use at most one.""",MINOR,20min,Key: AYfl9rnDd9SEFTPV56Ap Path: org.apache.commons_commons-compress:src/main/java/org/apache/commons/compress/archivers/sevenz/SevenZFile.java - startLine: 698;startOffset: 8;endOffset: 11;endLine: 698,Maintenance (Code Smells),,Matteo Razionale,0h30m,7c900056ce53d80beb8fe79a8b947eecb77cb6b7
K38,To-Do,New,Normal,"java:S135:  ""Reduce the total number of break and continue statements in this loop to use at most one.""",MINOR,20min,Key: AYfl9rT3d9SEFTPV55q4 Path: org.apache.commons_commons-compress:src/main/java/org/apache/commons/compress/compressors/bzip2/BlockSort.java - startLine: 542;startOffset: 12;endOffset: 17;endLine: 542,Maintenance (Code Smells),,Matteo Razionale,1h0m,1429149fb48019939241040f99dfd1f8b386d297
K39,To-Do,New,Normal,"java:S135:  ""Reduce the total number of break and continue statements in this loop to use at most one.""",MINOR,20min,Key: AYfl9rV6d9SEFTPV55sh Path: org.apache.commons_commons-compress:src/main/java/org/apache/commons/compress/compressors/lz4/BlockLZ4CompressorOutputStream.java - startLine: 496;startOffset: 8;endOffset: 11;endLine: 496,Maintenance (Code Smells),,Matteo Razionale,0h15m,00ade5ccf578b843f4de93d05bb43572207198fa
K40,To-Do,New,Normal,"java:S1444:  ""Make this public static ASM_API field final""",MINOR,20min,Key: AYfl9rjNd9SEFTPV557m Path: org.apache.commons_commons-compress:src/main/java/org/apache/commons/compress/harmony/pack200/Segment.java - startLine: 459;startOffset: 22;endOffset: 29;endLine: 459,Maintenance (Code Smells),,Matteo Razionale,0h5m,9fb31564512fac08b19eb60f14d28aa098e42733
K41,To-Do,New,Normal,"java:S135:  ""Reduce the total number of break and continue statements in this loop to use at most one.""",MINOR,20min,Key: AYfl9rrid9SEFTPV56C3 Path: org.apache.commons_commons-compress:src/main/java/org/apache/commons/compress/archivers/zip/ZipFile.java - startLine: 1550;startOffset: 12;endOffset: 15;endLine: 1550,Maintenance (Code Smells),,Matteo Razionale,0h5m,180fae4369bf6d524883b5773d03037b6590f210
K42,To-Do,New,Normal,"java:S135:  ""Reduce the total number of break and continue statements in this loop to use at most one.""",MINOR,20min,Key: AYfl9rvId9SEFTPV56Ef Path: org.apache.commons_commons-compress:src/main/java/org/apache/commons/compress/archivers/tar/TarUtils.java - startLine: 768;startOffset: 20;endOffset: 25;endLine: 768,Maintenance (Code Smells),,Matteo Razionale,rejected,
K43,To-Do,New,Normal,"java:S1444:  ""Make this public static nonDeltaUnsignedCodecs2 field final""",MINOR,20min,Key: AYfl9rj2d9SEFTPV558x Path: org.apache.commons_commons-compress:src/main/java/org/apache/commons/compress/harmony/pack200/CanonicalCodecFamilies.java - startLine: 35;startOffset: 30;endOffset: 53;endLine: 35,Maintenance (Code Smells),,Francesco Paolo Ragusa,rejected,
K44,To-Do,New,Normal,"java:S1444:  ""Make this public static nonDeltaUnsignedCodecs3 field final""",MINOR,20min,Key: AYfl9rj2d9SEFTPV558y Path: org.apache.commons_commons-compress:src/main/java/org/apache/commons/compress/harmony/pack200/CanonicalCodecFamilies.java - startLine: 42;startOffset: 30;endOffset: 53;endLine: 42,Maintenance (Code Smells),,Francesco Paolo Ragusa,rejected,
K45,To-Do,New,Normal,"java:S1444:  ""Make this public static nonDeltaUnsignedCodecs4 field final""",MINOR,20min,Key: AYfl9rj2d9SEFTPV558z Path: org.apache.commons_commons-compress:src/main/java/org/apache/commons/compress/harmony/pack200/CanonicalCodecFamilies.java - startLine: 49;startOffset: 30;endOffset: 53;endLine: 49,Maintenance (Code Smells),,Francesco Paolo Ragusa,rejected,
K46,To-Do,New,Normal,"java:S1444:  ""Make this public static nonDeltaUnsignedCodecs5 field final""",MINOR,20min,Key: AYfl9rj2d9SEFTPV5580 Path: org.apache.commons_commons-compress:src/main/java/org/apache/commons/compress/harmony/pack200/CanonicalCodecFamilies.java - startLine: 56;startOffset: 30;endOffset: 53;endLine: 56,Maintenance (Code Smells),,Francesco Paolo Ragusa,rejected,
K47,To-Do,New,Normal,"java:S1444:  ""Make this public static deltaUnsignedCodecs1 field final""",MINOR,20min,Key: AYfl9rj2d9SEFTPV5581 Path: org.apache.commons_commons-compress:src/main/java/org/apache/commons/compress/harmony/pack200/CanonicalCodecFamilies.java - startLine: 66;startOffset: 30;endOffset: 50;endLine: 66,Maintenance (Code Smells),,Francesco Paolo Ragusa,rejected,
K48,To-Do,New,Normal,"java:S1444:  ""Make this public static deltaUnsignedCodecs2 field final""",MINOR,20min,Key: AYfl9rj2d9SEFTPV5582 Path: org.apache.commons_commons-compress:src/main/java/org/apache/commons/compress/harmony/pack200/CanonicalCodecFamilies.java - startLine: 72;startOffset: 30;endOffset: 50;endLine: 72,Maintenance (Code Smells),,Francesco Paolo Ragusa,rejected,
K49,To-Do,New,Normal,"java:S1444:  ""Make this public static deltaUnsignedCodecs3 field final""",MINOR,20min,Key: AYfl9rj2d9SEFTPV5583 Path: org.apache.commons_commons-compress:src/main/java/org/apache/commons/compress/harmony/pack200/CanonicalCodecFamilies.java - startLine: 79;startOffset: 30;endOffset: 50;endLine: 79,Maintenance (Code Smells),,Francesco Paolo Ragusa,rejected,
K50,To-Do,New,Normal,"java:S1444:  ""Make this public static deltaUnsignedCodecs4 field final""",MINOR,20min,Key: AYfl9rj2d9SEFTPV5584 Path: org.apache.commons_commons-compress:src/main/java/org/apache/commons/compress/harmony/pack200/CanonicalCodecFamilies.java - startLine: 90;startOffset: 30;endOffset: 50;endLine: 90,Maintenance (Code Smells),,Francesco Paolo Ragusa,rejected,
K51,To-Do,New,Normal,"java:S1444:  ""Make this public static deltaUnsignedCodecs5 field final""",MINOR,20min,Key: AYfl9rj2d9SEFTPV5585 Path: org.apache.commons_commons-compress:src/main/java/org/apache/commons/compress/harmony/pack200/CanonicalCodecFamilies.java - startLine: 101;startOffset: 30;endOffset: 50;endLine: 101,Maintenance (Code Smells),,Francesco Paolo Ragusa,rejected,
K52,To-Do,New,Normal,"java:S1444:  ""Make this public static deltaSignedCodecs1 field final""",MINOR,20min,Key: AYfl9rj2d9SEFTPV5586 Path: org.apache.commons_commons-compress:src/main/java/org/apache/commons/compress/harmony/pack200/CanonicalCodecFamilies.java - startLine: 115;startOffset: 30;endOffset: 48;endLine: 115,Maintenance (Code Smells),,Francesco Paolo Ragusa,rejected,
K53,To-Do,New,Normal,"java:S1444:  ""Make this public static deltaSignedCodecs2 field final""",MINOR,20min,Key: AYfl9rj2d9SEFTPV5587 Path: org.apache.commons_commons-compress:src/main/java/org/apache/commons/compress/harmony/pack200/CanonicalCodecFamilies.java - startLine: 121;startOffset: 30;endOffset: 48;endLine: 121,Maintenance (Code Smells),,Francesco Paolo Ragusa,rejected,
K54,To-Do,New,Normal,"java:S1444:  ""Make this public static deltaSignedCodecs3 field final""",MINOR,20min,Key: AYfl9rj2d9SEFTPV5588 Path: org.apache.commons_commons-compress:src/main/java/org/apache/commons/compress/harmony/pack200/CanonicalCodecFamilies.java - startLine: 128;startOffset: 30;endOffset: 48;endLine: 128,Maintenance (Code Smells),,Francesco Paolo Ragusa,rejected,
K55,To-Do,New,Normal,"java:S1444:  ""Make this public static deltaSignedCodecs4 field final""",MINOR,20min,Key: AYfl9rj2d9SEFTPV5589 Path: org.apache.commons_commons-compress:src/main/java/org/apache/commons/compress/harmony/pack200/CanonicalCodecFamilies.java - startLine: 139;startOffset: 30;endOffset: 48;endLine: 139,Maintenance (Code Smells),,Francesco Paolo Ragusa,rejected,
K56,To-Do,New,Normal,"java:S1444:  ""Make this public static deltaSignedCodecs5 field final""",MINOR,20min,Key: AYfl9rj2d9SEFTPV558- Path: org.apache.commons_commons-compress:src/main/java/org/apache/commons/compress/harmony/pack200/CanonicalCodecFamilies.java - startLine: 150;startOffset: 30;endOffset: 48;endLine: 150,Maintenance (Code Smells),,Francesco Paolo Ragusa,rejected,
K57,To-Do,New,Normal,"java:S1444:  ""Make this public static deltaDoubleSignedCodecs1 field final""",MINOR,20min,Key: AYfl9rj2d9SEFTPV558_ Path: org.apache.commons_commons-compress:src/main/java/org/apache/commons/compress/harmony/pack200/CanonicalCodecFamilies.java - startLine: 161;startOffset: 30;endOffset: 54;endLine: 161,Maintenance (Code Smells),,Francesco Paolo Ragusa,rejected,
K58,To-Do,New,Normal,"java:S1444:  ""Make this public static nonDeltaSignedCodecs1 field final""",MINOR,20min,Key: AYfl9rj2d9SEFTPV559A Path: org.apache.commons_commons-compress:src/main/java/org/apache/commons/compress/harmony/pack200/CanonicalCodecFamilies.java - startLine: 171;startOffset: 30;endOffset: 51;endLine: 171,Maintenance (Code Smells),,Francesco Paolo Ragusa,rejected,
K59,To-Do,New,Normal,"java:S1444:  ""Make this public static nonDeltaSignedCodecs2 field final""",MINOR,20min,Key: AYfl9rj2d9SEFTPV559B Path: org.apache.commons_commons-compress:src/main/java/org/apache/commons/compress/harmony/pack200/CanonicalCodecFamilies.java - startLine: 177;startOffset: 30;endOffset: 51;endLine: 177,Maintenance (Code Smells),,Francesco Paolo Ragusa,rejected,
K60,To-Do,New,Normal,"java:S1444:  ""Make this public static nonDeltaDoubleSignedCodecs1 field final""",MINOR,20min,Key: AYfl9rj2d9SEFTPV559C Path: org.apache.commons_commons-compress:src/main/java/org/apache/commons/compress/harmony/pack200/CanonicalCodecFamilies.java - startLine: 184;startOffset: 30;endOffset: 57;endLine: 184,Maintenance (Code Smells),,Francesco Paolo Ragusa,rejected,
K61,To-Do,New,Normal,"java:S1444:  ""Make this public static nonDeltaUnsignedCodecs1 field final""",MINOR,20min,Key: AYfl9rj2d9SEFTPV558w Path: org.apache.commons_commons-compress:src/main/java/org/apache/commons/compress/harmony/pack200/CanonicalCodecFamilies.java - startLine: 27;startOffset: 30;endOffset: 53;endLine: 27,Maintenance (Code Smells),,Francesco Paolo Ragusa,rejected,
K62,To-Do,New,Normal,"java:S135:  ""Reduce the total number of break and continue statements in this loop to use at most one.""",MINOR,20min,Key: AYfl9rvId9SEFTPV56Eg Path: org.apache.commons_commons-compress:src/main/java/org/apache/commons/compress/archivers/tar/TarUtils.java - startLine: 759;startOffset: 12;endOffset: 17;endLine: 759,Maintenance (Code Smells),,Francesco Paolo Ragusa,0h5m,c1e7bea323d523c2025431e4bd69fc9afd9af677
K63,To-Do,New,Normal,"java:S135:  ""Reduce the total number of break and continue statements in this loop to use at most one.""",MINOR,20min,Key: AYfl9rV5d9SEFTPV55sg Path: org.apache.commons_commons-compress:src/main/java/org/apache/commons/compress/compressors/lz4/BlockLZ4CompressorOutputStream.java - startLine: 394;startOffset: 8;endOffset: 11;endLine: 394,Maintenance (Code Smells),,Francesco Paolo Ragusa,0h5m,6915cadb2b63126b5787127b6b4b236fe09818d0
K64,To-Do,New,Normal,"java:S135:  ""Reduce the total number of break and continue statements in this loop to use at most one.""",MINOR,20min,Key: AYfl9rznd9SEFTPV56GD Path: org.apache.commons_commons-compress:src/main/java/org/apache/commons/compress/changes/ChangeSetPerformer.java - startLine: 198;startOffset: 12;endOffset: 15;endLine: 198,Maintenance (Code Smells),,Francesco Paolo Ragusa,0h5m,d04aa6eaa85e962c6aca2ee8bc7eb096e79950ec
K65,To-Do,New,Normal,"java:S135:  ""Reduce the total number of break and continue statements in this loop to use at most one.""",MINOR,20min,Key: AYfl9rT3d9SEFTPV55q3 Path: org.apache.commons_commons-compress:src/main/java/org/apache/commons/compress/compressors/bzip2/BlockSort.java - startLine: 309;startOffset: 8;endOffset: 13;endLine: 309,Maintenance (Code Smells),,Francesco Paolo Ragusa,rejected,
K66,To-Do,New,Normal,"java:S135:  ""Reduce the total number of break and continue statements in this loop to use at most one.""",MINOR,20min,Key: AYfl9rssd9SEFTPV56D3 Path: org.apache.commons_commons-compress:src/main/java/org/apache/commons/compress/archivers/dump/DumpArchiveInputStream.java - startLine: 308;startOffset: 8;endOffset: 11;endLine: 308,Maintenance (Code Smells),,Francesco Paolo Ragusa,rejected,
K67,To-Do,New,Normal,"java:S135:  ""Reduce the total number of break and continue statements in this loop to use at most one.""",MINOR,20min,Key: AYfl9rTRd9SEFTPV55p9 Path: org.apache.commons_commons-compress:src/main/java/org/apache/commons/compress/compressors/bzip2/BZip2CompressorOutputStream.java - startLine: 280;startOffset: 16;endOffset: 21;endLine: 280,Maintenance (Code Smells),,Francesco Paolo Ragusa,rejected,
K68,To-Do,New,Normal,"java:S135:  ""Reduce the total number of break and continue statements in this loop to use at most one.""",MINOR,20min,Key: AYfl9rTRd9SEFTPV55p- Path: org.apache.commons_commons-compress:src/main/java/org/apache/commons/compress/compressors/bzip2/BZip2CompressorOutputStream.java - startLine: 310;startOffset: 16;endOffset: 21;endLine: 310,Maintenance (Code Smells),,Francesco Paolo Ragusa,rejected,
K69,To-Do,New,Normal,"java:S2160:  ""Override the equals method in this class.""",MINOR,30min,Key: AYfl9reDd9SEFTPV55zB Path: org.apache.commons_commons-compress:src/main/java/org/apache/commons/compress/harmony/unpack200/bytecode/RuntimeVisibleorInvisibleAnnotationsAttribute.java - startLine: 28;startOffset: 13;endOffset: 58;endLine: 28,Maintenance (Code Smells),,Francesco Paolo Ragusa,rejected,
K70,To-Do,New,Normal,"java:S2160:  ""Override the equals method in this class.""",MINOR,30min,Key: AYfl9rdDd9SEFTPV55ya Path: org.apache.commons_commons-compress:src/main/java/org/apache/commons/compress/harmony/unpack200/bytecode/RuntimeVisibleorInvisibleParameterAnnotationsAttribute.java - startLine: 28;startOffset: 13;endOffset: 67;endLine: 28,Maintenance (Code Smells),,Francesco Paolo Ragusa,rejected,
K71,To-Do,New,Normal,"java:S4929:  ""Provide an override of read(byte[]intint) for this class.""",MINOR,30min,Key: AYfl9ruKd9SEFTPV56EY Path: org.apache.commons_commons-compress:src/main/java/org/apache/commons/compress/archivers/tar/TarArchiveSparseZeroInputStream.java - startLine: 26;startOffset: 6;endOffset: 37;endLine: 26,Maintenance (Code Smells),,Francesco Paolo Ragusa,0h5m,4f0e15bade88e613830353d500e569284c585a06
K72,To-Do,New,Normal,"java:S2160:  ""Override the equals method in this class.""",MINOR,30min,Key: AYfl9rd9d9SEFTPV55y8 Path: org.apache.commons_commons-compress:src/main/java/org/apache/commons/compress/harmony/unpack200/bytecode/BCIRenumberedAttribute.java - startLine: 29;startOffset: 22;endOffset: 44;endLine: 29,Maintenance (Code Smells),,Francesco Paolo Ragusa,0h10m,195d18ca295d5580918d3bc900be023cd6744fd4
K73,To-Do,New,Normal,"java:S2160:  ""Override the equals method in this class.""",MINOR,30min,Key: AYfl9rZkd9SEFTPV55ta Path: org.apache.commons_commons-compress:src/main/java/org/apache/commons/compress/harmony/unpack200/bytecode/CPInterfaceMethodRef.java - startLine: 19;startOffset: 13;endOffset: 33;endLine: 19,Maintenance (Code Smells),,Francesco Paolo Ragusa,0h10m,0accc2d5e581a43652f21bfd38f91447848d7384
K74,To-Do,New,Normal,"java:S2160:  ""Override the equals method in this class.""",MINOR,30min,Key: AYfl9rcLd9SEFTPV55x1 Path: org.apache.commons_commons-compress:src/main/java/org/apache/commons/compress/harmony/unpack200/bytecode/CPMethod.java - startLine: 24;startOffset: 13;endOffset: 21;endLine: 24,Maintenance (Code Smells),,Francesco Paolo Ragusa,0h10m,74023baf5e0b077c807557f1b4edac29a46bbbd5
K75,To-Do,New,Normal,"java:S2160:  ""Override the equals method in this class.""",MINOR,30min,Key: AYfl9rZsd9SEFTPV55tc Path: org.apache.commons_commons-compress:src/main/java/org/apache/commons/compress/harmony/unpack200/bytecode/CPMethodRef.java - startLine: 22;startOffset: 13;endOffset: 24;endLine: 22,Maintenance (Code Smells),,Francesco Paolo Ragusa,0h10m,a3096f6d31cd7fcef52f1d2555ac7537f965cc8f
K76,To-Do,New,Normal,"java:S2160:  ""Override the equals method in this class.""",MINOR,30min,Key: AYfl9rdPd9SEFTPV55yf Path: org.apache.commons_commons-compress:src/main/java/org/apache/commons/compress/harmony/unpack200/bytecode/CPString.java - startLine: 25;startOffset: 13;endOffset: 21;endLine: 25,Maintenance (Code Smells),,Francesco Paolo Ragusa,0h10m,08bb5f5ce31e4f0867547b86d6ad7e0147dbf795
K77,To-Do,New,Normal,"java:S2160:  ""Override the equals method in this class.""",MINOR,30min,Key: AYfl9rcjd9SEFTPV55yF Path: org.apache.commons_commons-compress:src/main/java/org/apache/commons/compress/harmony/unpack200/bytecode/CodeAttribute.java - startLine: 26;startOffset: 13;endOffset: 26;endLine: 26,Maintenance (Code Smells),,Francesco Paolo Ragusa,0h10m,101cbd45f4b5aaa46e99a42b56c6946239e69ca4
K78,To-Do,New,Normal,"java:S2160:  ""Override the equals method in this class.""",MINOR,30min,Key: AYfl9reKd9SEFTPV55zD Path: org.apache.commons_commons-compress:src/main/java/org/apache/commons/compress/harmony/unpack200/bytecode/EnclosingMethodAttribute.java - startLine: 25;startOffset: 13;endOffset: 37;endLine: 25,Maintenance (Code Smells),,Francesco Paolo Ragusa,0h10m,61b5b316bbdaedae48fe18c70b09e0ed74cfd429
K79,To-Do,New,Normal,"java:S2160:  ""Override the equals method in this class.""",MINOR,30min,Key: AYfl9rZUd9SEFTPV55tY Path: org.apache.commons_commons-compress:src/main/java/org/apache/commons/compress/harmony/unpack200/bytecode/LocalVariableTableAttribute.java - startLine: 30;startOffset: 13;endOffset: 40;endLine: 30,Maintenance (Code Smells),,Francesco Paolo Ragusa,0h10m,25490bc6ac60f63bee539a9eed5ffc0199e90d84
K80,To-Do,New,Normal,"java:S2160:  ""Override the equals method in this class.""",MINOR,30min,Key: AYfl9reid9SEFTPV55zL Path: org.apache.commons_commons-compress:src/main/java/org/apache/commons/compress/harmony/unpack200/bytecode/LocalVariableTypeTableAttribute.java - startLine: 30;startOffset: 13;endOffset: 44;endLine: 30,Maintenance (Code Smells),,Francesco Paolo Ragusa,0h10m,aedb33d0bd15e357bc394b244982464ac8d1eccb
K81,To-Do,New,Normal,"java:S2160:  ""Override the equals method in this class.""",MINOR,30min,Key: AYfl9rd3d9SEFTPV55y4 Path: org.apache.commons_commons-compress:src/main/java/org/apache/commons/compress/harmony/unpack200/bytecode/NewAttribute.java - startLine: 27;startOffset: 13;endOffset: 25;endLine: 27,Maintenance (Code Smells),,Francesco Paolo Ragusa,0h10m,bfe1e7ef337cc788ce1d409e850952fa699a83bf
K82,To-Do,New,Normal,"java:S2160:  ""Override the equals method in this class.""",MINOR,30min,Key: AYfl9re7d9SEFTPV55zb Path: org.apache.commons_commons-compress:src/main/java/org/apache/commons/compress/harmony/unpack200/bytecode/SignatureAttribute.java - startLine: 25;startOffset: 13;endOffset: 31;endLine: 25,Maintenance (Code Smells),,Francesco Paolo Ragusa,0h10m,bc357f560f877c2bbbf2104823edf1808128d21d
K83,To-Do,New,Normal,"java:S4929:  ""Provide an override of read(byte[]intint) for this class.""",MINOR,30min,Key: AYfl9rxid9SEFTPV56Fo Path: org.apache.commons_commons-compress:src/main/java/org/apache/commons/compress/utils/SkipShieldingInputStream.java - startLine: 38;startOffset: 13;endOffset: 37;endLine: 38,Maintenance (Code Smells),,Francesco Paolo Ragusa,0h5m,c26d65b2584c8bbef517bbc61f34aceb4995dd33
K84,To-Do,New,Normal,"java:S4929:  ""Provide an override of read(byte[]intint) for this class.""",MINOR,30min,Key: AYfl9ro2d9SEFTPV56B- Path: org.apache.commons_commons-compress:src/main/java/org/apache/commons/compress/archivers/zip/ExplodingInputStream.java - startLine: 41;startOffset: 6;endOffset: 26;endLine: 41,Maintenance (Code Smells),,Francesco Paolo Ragusa,0h5m,ade6372c3ed95c477f59856933c33b219e736ac0
K85,To-Do,New,Normal,"java:S4929:  ""Provide an override of read(byte[]intint) for this class.""",MINOR,30min,Key: AYfl9rybd9SEFTPV56Fx Path: org.apache.commons_commons-compress:src/main/java/org/apache/commons/compress/utils/CloseShieldFilterInputStream.java - startLine: 30;startOffset: 13;endOffset: 41;endLine: 30,Maintenance (Code Smells),,Francesco Paolo Ragusa,0h5m,015584c701146fc0c3e42c4b8556174c1b32845d
K86,To-Do,New,Normal,"java:S4349:  ""Provide an override of write(byte[]intint) for this class.""",MINOR,30min,Key: AYfl9ry3d9SEFTPV56F6 Path: org.apache.commons_commons-compress:src/main/java/org/apache/commons/compress/utils/FlushShieldFilterOutputStream.java - startLine: 29;startOffset: 13;endOffset: 42;endLine: 29,Maintenance (Code Smells),,Francesco Paolo Ragusa,0h5m,7531447531d4bf115977ad888e60b042df5a6eee
K87,To-Do,New,Normal,"java:S2160:  ""Override the equals method in this class.""",MINOR,30min,Key: AYfl9rv3d9SEFTPV56FE Path: org.apache.commons_commons-compress:src/main/java/org/apache/commons/compress/archivers/jar/JarArchiveEntry.java - startLine: 34;startOffset: 13;endOffset: 28;endLine: 34,Maintenance (Code Smells),,Francesco Paolo Ragusa,0h10m,50b2e195f8858dc5e1d1fd3a1d19752917e6a916
K88,To-Do,New,Normal,"java:S135:  ""Reduce the total number of break and continue statements in this loop to use at most one.""",MINOR,40min,Key: AYfl9rT3d9SEFTPV55q1 Path: org.apache.commons_commons-compress:src/main/java/org/apache/commons/compress/compressors/bzip2/BlockSort.java - startLine: 342;startOffset: 16;endOffset: 21;endLine: 342,Maintenance (Code Smells),,Francesco Paolo Ragusa,rejected,
K89,To-Do,New,Normal,"java:S135:  ""Reduce the total number of break and continue statements in this loop to use at most one.""",MINOR,40min,Key: AYfl9rT3d9SEFTPV55q2 Path: org.apache.commons_commons-compress:src/main/java/org/apache/commons/compress/compressors/bzip2/BlockSort.java - startLine: 357;startOffset: 16;endOffset: 21;endLine: 357,Maintenance (Code Smells),,Francesco Paolo Ragusa,rejected,
K90,To-Do,New,Normal,"java:S135:  ""Reduce the total number of break and continue statements in this loop to use at most one.""",MINOR,4h20min,Key: AYfl9rT3d9SEFTPV55q6 Path: org.apache.commons_commons-compress:src/main/java/org/apache/commons/compress/compressors/bzip2/BlockSort.java - startLine: 776;startOffset: 28;endOffset: 33;endLine: 776,Maintenance (Code Smells),,Francesco Paolo Ragusa,rejected,
K91,To-Do,New,Normal,"java:S135:  ""Reduce the total number of break and continue statements in this loop to use at most one.""",MINOR,5h20min,Key: AYfl9rT3d9SEFTPV55q5 Path: org.apache.commons_commons-compress:src/main/java/org/apache/commons/compress/compressors/bzip2/BlockSort.java - startLine: 799;startOffset: 51;endOffset: 56;endLine: 799,Maintenance (Code Smells),,Francesco Paolo Ragusa,rejected,