Tracker,Status,Priority,Subject,Category,Estimated time,Description,Caratteristica di riferimento
To-Do,New,Normal,"java:S2387:  ""attributeName is the name of a field in Attribute.""",BLOCKER,5min,Key: AYfl9rcjd9SEFTPV55yE Path: org.apache.commons_commons-compress:src/main/java/org/apache/commons/compress/harmony/unpack200/bytecode/CodeAttribute.java - startLine: 28;startOffset: 26;endOffset: 39;endLine: 28,Maintenance (Code Smells)
To-Do,New,Normal,"java:S2387:  ""attributeName is the name of a field in Attribute.""",BLOCKER,5min,Key: AYfl9rb4d9SEFTPV55xo Path: org.apache.commons_commons-compress:src/main/java/org/apache/commons/compress/harmony/unpack200/bytecode/InnerClassesAttribute.java - startLine: 85;startOffset: 26;endOffset: 39;endLine: 85,Maintenance (Code Smells)
To-Do,New,Normal,"java:S2387:  ""attributeName is the name of a field in Attribute.""",BLOCKER,5min,Key: AYfl9rZUd9SEFTPV55tX Path: org.apache.commons_commons-compress:src/main/java/org/apache/commons/compress/harmony/unpack200/bytecode/LocalVariableTableAttribute.java - startLine: 32;startOffset: 26;endOffset: 39;endLine: 32,Maintenance (Code Smells)
To-Do,New,Normal,"java:S2387:  ""attributeName is the name of a field in Attribute.""",BLOCKER,5min,Key: AYfl9reid9SEFTPV55zK Path: org.apache.commons_commons-compress:src/main/java/org/apache/commons/compress/harmony/unpack200/bytecode/LocalVariableTypeTableAttribute.java - startLine: 32;startOffset: 26;endOffset: 39;endLine: 32,Maintenance (Code Smells)
To-Do,New,Normal,"java:S2387:  ""name is the name of a field in ZipEntry.""",BLOCKER,5min,Key: AYfl9rrSd9SEFTPV56Cs Path: org.apache.commons_commons-compress:src/main/java/org/apache/commons/compress/archivers/zip/ZipArchiveEntry.java - startLine: 277;startOffset: 19;endOffset: 23;endLine: 277,Maintenance (Code Smells)
To-Do,New,Normal,"java:S2387:  ""attributeName is the name of a field in Attribute.""",BLOCKER,5min,Key: AYfl9rcpd9SEFTPV55yH Path: org.apache.commons_commons-compress:src/main/java/org/apache/commons/compress/harmony/unpack200/bytecode/AnnotationDefaultAttribute.java - startLine: 29;startOffset: 26;endOffset: 39;endLine: 29,Maintenance (Code Smells)
To-Do,New,Normal,"java:S2387:  ""attributeName is the name of a field in Attribute.""",BLOCKER,5min,Key: AYfl9recd9SEFTPV55zI Path: org.apache.commons_commons-compress:src/main/java/org/apache/commons/compress/harmony/unpack200/bytecode/ConstantValueAttribute.java - startLine: 28;startOffset: 26;endOffset: 39;endLine: 28,Maintenance (Code Smells)
To-Do,New,Normal,"java:S2387:  ""attributeName is the name of a field in Attribute.""",BLOCKER,5min,Key: AYfl9rdVd9SEFTPV55yj Path: org.apache.commons_commons-compress:src/main/java/org/apache/commons/compress/harmony/unpack200/bytecode/DeprecatedAttribute.java - startLine: 27;startOffset: 26;endOffset: 39;endLine: 27,Maintenance (Code Smells)
To-Do,New,Normal,"java:S2387:  ""attributeName is the name of a field in Attribute.""",BLOCKER,5min,Key: AYfl9reKd9SEFTPV55zC Path: org.apache.commons_commons-compress:src/main/java/org/apache/commons/compress/harmony/unpack200/bytecode/EnclosingMethodAttribute.java - startLine: 27;startOffset: 26;endOffset: 39;endLine: 27,Maintenance (Code Smells)
To-Do,New,Normal,"java:S2387:  ""attributeName is the name of a field in Attribute.""",BLOCKER,5min,Key: AYfl9rezd9SEFTPV55zX Path: org.apache.commons_commons-compress:src/main/java/org/apache/commons/compress/harmony/unpack200/bytecode/ExceptionsAttribute.java - startLine: 28;startOffset: 26;endOffset: 39;endLine: 28,Maintenance (Code Smells)
To-Do,New,Normal,"java:S2387:  ""attributeName is the name of a field in Attribute.""",BLOCKER,5min,Key: AYfl9rcbd9SEFTPV55x5 Path: org.apache.commons_commons-compress:src/main/java/org/apache/commons/compress/harmony/unpack200/bytecode/LineNumberTableAttribute.java - startLine: 27;startOffset: 26;endOffset: 39;endLine: 27,Maintenance (Code Smells)
To-Do,New,Normal,"java:S2387:  ""attributeName is the name of a field in Attribute.""",BLOCKER,5min,Key: AYfl9re7d9SEFTPV55za Path: org.apache.commons_commons-compress:src/main/java/org/apache/commons/compress/harmony/unpack200/bytecode/SignatureAttribute.java - startLine: 27;startOffset: 26;endOffset: 39;endLine: 27,Maintenance (Code Smells)
To-Do,New,Normal,"java:S2387:  ""attributeName is the name of a field in Attribute.""",BLOCKER,5min,Key: AYfl9rcVd9SEFTPV55x3 Path: org.apache.commons_commons-compress:src/main/java/org/apache/commons/compress/harmony/unpack200/bytecode/SourceFileAttribute.java - startLine: 28;startOffset: 26;endOffset: 39;endLine: 28,Maintenance (Code Smells)
To-Do,New,Normal,"java:S2387:  ""method is the name of a field in ZipEntry.""",BLOCKER,5min,Key: AYfl9rrSd9SEFTPV56Cq Path: org.apache.commons_commons-compress:src/main/java/org/apache/commons/compress/archivers/zip/ZipArchiveEntry.java - startLine: 257;startOffset: 16;endOffset: 22;endLine: 257,Maintenance (Code Smells)
To-Do,New,Normal,"java:S2387:  ""size is the name of a field in ZipEntry.""",BLOCKER,5min,Key: AYfl9rrSd9SEFTPV56Cr Path: org.apache.commons_commons-compress:src/main/java/org/apache/commons/compress/archivers/zip/ZipArchiveEntry.java - startLine: 267;startOffset: 17;endOffset: 21;endLine: 267,Maintenance (Code Smells)
To-Do,New,Normal,"java:S3516:  ""Refactor this method to not always return the same value.""",BLOCKER,4min,Key: AYfl9rv3d9SEFTPV56FB Path: org.apache.commons_commons-compress:src/main/java/org/apache/commons/compress/archivers/jar/JarArchiveEntry.java - startLine: 65;startOffset: 25;endOffset: 40;endLine: 65,Maintenance (Code Smells)
To-Do,New,Normal,"java:S2975:  ""Remove this clone implementation; use a copy constructor or copy factory instead.""",BLOCKER,30min,Key: AYfl9rqpd9SEFTPV56CZ Path: org.apache.commons_commons-compress:src/main/java/org/apache/commons/compress/archivers/zip/AsiExtraField.java - startLine: 93;startOffset: 18;endOffset: 23;endLine: 93,Maintenance (Code Smells)
To-Do,New,Normal,"java:S2975:  ""Remove this clone implementation; use a copy constructor or copy factory instead.""",BLOCKER,30min,Key: AYfl9rq4d9SEFTPV56Cb Path: org.apache.commons_commons-compress:src/main/java/org/apache/commons/compress/archivers/zip/GeneralPurposeBit.java - startLine: 101;startOffset: 18;endOffset: 23;endLine: 101,Maintenance (Code Smells)
To-Do,New,Normal,"java:S2975:  ""Remove this clone implementation; use a copy constructor or copy factory instead.""",BLOCKER,30min,Key: AYfl9rpqd9SEFTPV56CM Path: org.apache.commons_commons-compress:src/main/java/org/apache/commons/compress/archivers/zip/X5455_ExtendedTimestamp.java - startLine: 183;startOffset: 18;endOffset: 23;endLine: 183,Maintenance (Code Smells)
To-Do,New,Normal,"java:S2975:  ""Remove this clone implementation; use a copy constructor or copy factory instead.""",BLOCKER,30min,Key: AYfl9rsMd9SEFTPV56Ds Path: org.apache.commons_commons-compress:src/main/java/org/apache/commons/compress/archivers/zip/X7875_NewUnix.java - startLine: 150;startOffset: 18;endOffset: 23;endLine: 150,Maintenance (Code Smells)
To-Do,New,Normal,"java:S2975:  ""Remove this clone implementation; use a copy constructor or copy factory instead.""",BLOCKER,30min,Key: AYfl9rpEd9SEFTPV56CB Path: org.apache.commons_commons-compress:src/main/java/org/apache/commons/compress/archivers/zip/ZipLong.java - startLine: 153;startOffset: 18;endOffset: 23;endLine: 153,Maintenance (Code Smells)
To-Do,New,Normal,"java:S2975:  ""Remove this clone implementation; use a copy constructor or copy factory instead.""",BLOCKER,30min,Key: AYfl9rqJd9SEFTPV56CR Path: org.apache.commons_commons-compress:src/main/java/org/apache/commons/compress/archivers/zip/ZipShort.java - startLine: 107;startOffset: 18;endOffset: 23;endLine: 107,Maintenance (Code Smells)
To-Do,New,Normal,"java:S2975:  ""Remove this clone implementation; use a copy constructor or copy factory instead.""",BLOCKER,30min,Key: AYfl9rrSd9SEFTPV56Cu Path: org.apache.commons_commons-compress:src/main/java/org/apache/commons/compress/archivers/zip/ZipArchiveEntry.java - startLine: 476;startOffset: 18;endOffset: 23;endLine: 476,Maintenance (Code Smells)
To-Do,New,Normal,"java:S2699:  ""Add at least one assertion to this test case.""",BLOCKER,10min,Key: AYfl9r_Bd9SEFTPV56X2 Path: org.apache.commons_commons-compress:src/test/java/org/apache/commons/compress/archivers/tar/TarArchiveOutputStreamTest.java - startLine: 761;startOffset: 16;endOffset: 34;endLine: 761,Maintenance (Code Smells)
To-Do,New,Normal,"java:S2699:  ""Add at least one assertion to this test case.""",BLOCKER,10min,Key: AYfl9r6Zd9SEFTPV56PZ Path: org.apache.commons_commons-compress:src/test/java/org/apache/commons/compress/archivers/zip/ParallelScatterZipCreatorTest.java - startLine: 228;startOffset: 16;endOffset: 55;endLine: 228,Maintenance (Code Smells)
To-Do,New,Normal,"java:S2699:  ""Add at least one assertion to this test case.""",BLOCKER,10min,Key: AYfl9r2bd9SEFTPV56Im Path: org.apache.commons_commons-compress:src/test/java/org/apache/commons/compress/harmony/pack200/tests/ArchiveTest.java - startLine: 308;startOffset: 16;endOffset: 32;endLine: 308,Maintenance (Code Smells)
To-Do,New,Normal,"java:S128:  ""End this switch case with an unconditional break return or throw statement.""",BLOCKER,10min,Key: AYfl9rVwd9SEFTPV55sf Path: org.apache.commons_commons-compress:src/main/java/org/apache/commons/compress/compressors/snappy/PureJavaCrc32C.java - startLine: 619;startOffset: 6;endOffset: 13;endLine: 619,Maintenance (Code Smells)
To-Do,New,Normal,"java:S128:  ""End this switch case with an unconditional break return or throw statement.""",BLOCKER,10min,Key: AYfl9rVwd9SEFTPV55se Path: org.apache.commons_commons-compress:src/main/java/org/apache/commons/compress/compressors/snappy/PureJavaCrc32C.java - startLine: 620;startOffset: 6;endOffset: 13;endLine: 620,Maintenance (Code Smells)
To-Do,New,Normal,"java:S128:  ""End this switch case with an unconditional break return or throw statement.""",BLOCKER,10min,Key: AYfl9rVwd9SEFTPV55sd Path: org.apache.commons_commons-compress:src/main/java/org/apache/commons/compress/compressors/snappy/PureJavaCrc32C.java - startLine: 621;startOffset: 6;endOffset: 13;endLine: 621,Maintenance (Code Smells)
To-Do,New,Normal,"java:S128:  ""End this switch case with an unconditional break return or throw statement.""",BLOCKER,10min,Key: AYfl9rVwd9SEFTPV55sc Path: org.apache.commons_commons-compress:src/main/java/org/apache/commons/compress/compressors/snappy/PureJavaCrc32C.java - startLine: 622;startOffset: 6;endOffset: 13;endLine: 622,Maintenance (Code Smells)
To-Do,New,Normal,"java:S128:  ""End this switch case with an unconditional break return or throw statement.""",BLOCKER,10min,Key: AYfl9rVwd9SEFTPV55sb Path: org.apache.commons_commons-compress:src/main/java/org/apache/commons/compress/compressors/snappy/PureJavaCrc32C.java - startLine: 623;startOffset: 6;endOffset: 13;endLine: 623,Maintenance (Code Smells)
To-Do,New,Normal,"java:S128:  ""End this switch case with an unconditional break return or throw statement.""",BLOCKER,10min,Key: AYfl9rVwd9SEFTPV55sa Path: org.apache.commons_commons-compress:src/main/java/org/apache/commons/compress/compressors/snappy/PureJavaCrc32C.java - startLine: 624;startOffset: 6;endOffset: 13;endLine: 624,Maintenance (Code Smells)
To-Do,New,Normal,"java:S128:  ""End this switch case with an unconditional break return or throw statement.""",BLOCKER,10min,Key: AYfl9rVwd9SEFTPV55sZ Path: org.apache.commons_commons-compress:src/main/java/org/apache/commons/compress/compressors/snappy/PureJavaCrc32C.java - startLine: 625;startOffset: 6;endOffset: 13;endLine: 625,Maintenance (Code Smells)
To-Do,New,Normal,"java:S2699:  ""Add at least one assertion to this test case.""",BLOCKER,10min,Key: AYfl9sC2d9SEFTPV56bo Path: org.apache.commons_commons-compress:src/test/java/org/apache/commons/compress/archivers/ArTestCase.java - startLine: 143;startOffset: 16;endOffset: 31;endLine: 143,Maintenance (Code Smells)
To-Do,New,Normal,"java:S2699:  ""Add at least one assertion to this test case.""",BLOCKER,10min,Key: AYfl9sDOd9SEFTPV56cI Path: org.apache.commons_commons-compress:src/test/java/org/apache/commons/compress/archivers/DumpTestCase.java - startLine: 82;startOffset: 16;endOffset: 36;endLine: 82,Maintenance (Code Smells)
To-Do,New,Normal,"java:S2699:  ""Add at least one assertion to this test case.""",BLOCKER,10min,Key: AYfl9r-Ud9SEFTPV56VQ Path: org.apache.commons_commons-compress:src/test/java/org/apache/commons/compress/archivers/TarTestCase.java - startLine: 97;startOffset: 16;endOffset: 38;endLine: 97,Maintenance (Code Smells)
To-Do,New,Normal,"java:S2699:  ""Add at least one assertion to this test case.""",BLOCKER,10min,Key: AYfl9r-Ud9SEFTPV56VR Path: org.apache.commons_commons-compress:src/test/java/org/apache/commons/compress/archivers/TarTestCase.java - startLine: 319;startOffset: 16;endOffset: 38;endLine: 319,Maintenance (Code Smells)
To-Do,New,Normal,"java:S2699:  ""Add at least one assertion to this test case.""",BLOCKER,10min,Key: AYfl9r-Ud9SEFTPV56VT Path: org.apache.commons_commons-compress:src/test/java/org/apache/commons/compress/archivers/TarTestCase.java - startLine: 577;startOffset: 16;endOffset: 36;endLine: 577,Maintenance (Code Smells)
To-Do,New,Normal,"java:S2699:  ""Add at least one assertion to this test case.""",BLOCKER,10min,Key: AYfl9r-Ud9SEFTPV56VU Path: org.apache.commons_commons-compress:src/test/java/org/apache/commons/compress/archivers/TarTestCase.java - startLine: 586;startOffset: 16;endOffset: 32;endLine: 586,Maintenance (Code Smells)
To-Do,New,Normal,"java:S2699:  ""Add at least one assertion to this test case.""",BLOCKER,10min,Key: AYfl9sCvd9SEFTPV56bK Path: org.apache.commons_commons-compress:src/test/java/org/apache/commons/compress/archivers/ZipTestCase.java - startLine: 863;startOffset: 16;endOffset: 32;endLine: 863,Maintenance (Code Smells)
To-Do,New,Normal,"java:S2699:  ""Add at least one assertion to this test case.""",BLOCKER,10min,Key: AYfl9r9zd9SEFTPV56UL Path: org.apache.commons_commons-compress:src/test/java/org/apache/commons/compress/archivers/sevenz/SevenZFileTest.java - startLine: 268;startOffset: 16;endOffset: 35;endLine: 268,Maintenance (Code Smells)
To-Do,New,Normal,"java:S2699:  ""Add at least one assertion to this test case.""",BLOCKER,10min,Key: AYfl9r9zd9SEFTPV56UM Path: org.apache.commons_commons-compress:src/test/java/org/apache/commons/compress/archivers/sevenz/SevenZFileTest.java - startLine: 372;startOffset: 16;endOffset: 53;endLine: 372,Maintenance (Code Smells)
To-Do,New,Normal,"java:S2699:  ""Add at least one assertion to this test case.""",BLOCKER,10min,Key: AYfl9r-5d9SEFTPV56XU Path: org.apache.commons_commons-compress:src/test/java/org/apache/commons/compress/archivers/tar/TarFileTest.java - startLine: 233;startOffset: 16;endOffset: 31;endLine: 233,Maintenance (Code Smells)
To-Do,New,Normal,"java:S2699:  ""Add at least one assertion to this test case.""",BLOCKER,10min,Key: AYfl9r8Dd9SEFTPV56Ra Path: org.apache.commons_commons-compress:src/test/java/org/apache/commons/compress/archivers/zip/ZipArchiveInputStreamTest.java - startLine: 383;startOffset: 16;endOffset: 35;endLine: 383,Maintenance (Code Smells)
To-Do,New,Normal,"java:S2699:  ""Add at least one assertion to this test case.""",BLOCKER,10min,Key: AYfl9r8Dd9SEFTPV56Rc Path: org.apache.commons_commons-compress:src/test/java/org/apache/commons/compress/archivers/zip/ZipArchiveInputStreamTest.java - startLine: 670;startOffset: 16;endOffset: 41;endLine: 670,Maintenance (Code Smells)
To-Do,New,Normal,"java:S2699:  ""Add at least one assertion to this test case.""",BLOCKER,10min,Key: AYfl9r6Ld9SEFTPV56O4 Path: org.apache.commons_commons-compress:src/test/java/org/apache/commons/compress/archivers/zip/ZipFileIgnoringLocalFileHeaderTest.java - startLine: 96;startOffset: 16;endOffset: 32;endLine: 96,Maintenance (Code Smells)
To-Do,New,Normal,"java:S2699:  ""Add at least one assertion to this test case.""",BLOCKER,10min,Key: AYfl9sJud9SEFTPV56i3 Path: org.apache.commons_commons-compress:src/test/java/org/apache/commons/compress/changes/ChangeSetTestCase.java - startLine: 253;startOffset: 16;endOffset: 33;endLine: 253,Maintenance (Code Smells)
To-Do,New,Normal,"java:S2699:  ""Add at least one assertion to this test case.""",BLOCKER,10min,Key: AYfl9sJud9SEFTPV56i4 Path: org.apache.commons_commons-compress:src/test/java/org/apache/commons/compress/changes/ChangeSetTestCase.java - startLine: 887;startOffset: 16;endOffset: 35;endLine: 887,Maintenance (Code Smells)
To-Do,New,Normal,"java:S2699:  ""Add at least one assertion to this test case.""",BLOCKER,10min,Key: AYfl9sF0d9SEFTPV56eo Path: org.apache.commons_commons-compress:src/test/java/org/apache/commons/compress/compressors/BZip2TestCase.java - startLine: 35;startOffset: 16;endOffset: 34;endLine: 35,Maintenance (Code Smells)
To-Do,New,Normal,"java:S2699:  ""Add at least one assertion to this test case.""",BLOCKER,10min,Key: AYfl9sFad9SEFTPV56eL Path: org.apache.commons_commons-compress:src/test/java/org/apache/commons/compress/compressors/DeflateTestCase.java - startLine: 73;startOffset: 16;endOffset: 38;endLine: 73,Maintenance (Code Smells)
To-Do,New,Normal,"java:S2699:  ""Add at least one assertion to this test case.""",BLOCKER,10min,Key: AYfl9sH1d9SEFTPV56hJ Path: org.apache.commons_commons-compress:src/test/java/org/apache/commons/compress/compressors/GZipTestCase.java - startLine: 143;startOffset: 16;endOffset: 32;endLine: 143,Maintenance (Code Smells)
To-Do,New,Normal,"java:S2699:  ""Add at least one assertion to this test case.""",BLOCKER,10min,Key: AYfl9sH1d9SEFTPV56hK Path: org.apache.commons_commons-compress:src/test/java/org/apache/commons/compress/compressors/GZipTestCase.java - startLine: 154;startOffset: 16;endOffset: 33;endLine: 154,Maintenance (Code Smells)
To-Do,New,Normal,"java:S2699:  ""Add at least one assertion to this test case.""",BLOCKER,10min,Key: AYfl9sFtd9SEFTPV56eg Path: org.apache.commons_commons-compress:src/test/java/org/apache/commons/compress/compressors/LZMATestCase.java - startLine: 81;startOffset: 16;endOffset: 33;endLine: 81,Maintenance (Code Smells)
To-Do,New,Normal,"java:S2699:  ""Add at least one assertion to this test case.""",BLOCKER,10min,Key: AYfl9sFtd9SEFTPV56eh Path: org.apache.commons_commons-compress:src/test/java/org/apache/commons/compress/compressors/LZMATestCase.java - startLine: 92;startOffset: 16;endOffset: 50;endLine: 92,Maintenance (Code Smells)
To-Do,New,Normal,"java:S2699:  ""Add at least one assertion to this test case.""",BLOCKER,10min,Key: AYfl9sIvd9SEFTPV56h7 Path: org.apache.commons_commons-compress:src/test/java/org/apache/commons/compress/compressors/Pack200TestCase.java - startLine: 189;startOffset: 16;endOffset: 50;endLine: 189,Maintenance (Code Smells)
To-Do,New,Normal,"java:S2699:  ""Add at least one assertion to this test case.""",BLOCKER,10min,Key: AYfl9sIvd9SEFTPV56h8 Path: org.apache.commons_commons-compress:src/test/java/org/apache/commons/compress/compressors/Pack200TestCase.java - startLine: 194;startOffset: 16;endOffset: 47;endLine: 194,Maintenance (Code Smells)
To-Do,New,Normal,"java:S2699:  ""Add at least one assertion to this test case.""",BLOCKER,10min,Key: AYfl9sIvd9SEFTPV56h9 Path: org.apache.commons_commons-compress:src/test/java/org/apache/commons/compress/compressors/Pack200TestCase.java - startLine: 199;startOffset: 16;endOffset: 43;endLine: 199,Maintenance (Code Smells)
To-Do,New,Normal,"java:S2699:  ""Add at least one assertion to this test case.""",BLOCKER,10min,Key: AYfl9sIvd9SEFTPV56h- Path: org.apache.commons_commons-compress:src/test/java/org/apache/commons/compress/compressors/Pack200TestCase.java - startLine: 204;startOffset: 16;endOffset: 43;endLine: 204,Maintenance (Code Smells)
To-Do,New,Normal,"java:S2699:  ""Add at least one assertion to this test case.""",BLOCKER,10min,Key: AYfl9sIvd9SEFTPV56h_ Path: org.apache.commons_commons-compress:src/test/java/org/apache/commons/compress/compressors/Pack200TestCase.java - startLine: 209;startOffset: 16;endOffset: 39;endLine: 209,Maintenance (Code Smells)
To-Do,New,Normal,"java:S2699:  ""Add at least one assertion to this test case.""",BLOCKER,10min,Key: AYfl9sJDd9SEFTPV56ic Path: org.apache.commons_commons-compress:src/test/java/org/apache/commons/compress/compressors/XZTestCase.java - startLine: 60;startOffset: 16;endOffset: 30;endLine: 60,Maintenance (Code Smells)
To-Do,New,Normal,"java:S2699:  ""Add at least one assertion to this test case.""",BLOCKER,10min,Key: AYfl9sJDd9SEFTPV56id Path: org.apache.commons_commons-compress:src/test/java/org/apache/commons/compress/compressors/XZTestCase.java - startLine: 73;startOffset: 16;endOffset: 31;endLine: 73,Maintenance (Code Smells)
To-Do,New,Normal,"java:S2699:  ""Add at least one assertion to this test case.""",BLOCKER,10min,Key: AYfl9sE5d9SEFTPV56dl Path: org.apache.commons_commons-compress:src/test/java/org/apache/commons/compress/compressors/snappy/FramedSnappyCompressorInputStreamTest.java - startLine: 60;startOffset: 16;endOffset: 27;endLine: 60,Maintenance (Code Smells)
To-Do,New,Normal,"java:S2699:  ""Add at least one assertion to this test case.""",BLOCKER,10min,Key: AYfl9sEHd9SEFTPV56c0 Path: org.apache.commons_commons-compress:src/test/java/org/apache/commons/compress/compressors/zstandard/ZstdCompressorInputStreamTest.java - startLine: 123;startOffset: 16;endOffset: 38;endLine: 123,Maintenance (Code Smells)
To-Do,New,Normal,"java:S2699:  ""Add at least one assertion to this test case.""",BLOCKER,10min,Key: AYfl9r2bd9SEFTPV56Il Path: org.apache.commons_commons-compress:src/test/java/org/apache/commons/compress/harmony/pack200/tests/ArchiveTest.java - startLine: 120;startOffset: 16;endOffset: 42;endLine: 120,Maintenance (Code Smells)
To-Do,New,Normal,"java:S2699:  ""Add at least one assertion to this test case.""",BLOCKER,10min,Key: AYfl9r23d9SEFTPV56JC Path: org.apache.commons_commons-compress:src/test/java/org/apache/commons/compress/harmony/pack200/tests/PackingOptionsTest.java - startLine: 628;startOffset: 16;endOffset: 33;endLine: 628,Maintenance (Code Smells)
To-Do,New,Normal,"java:S2699:  ""Add at least one assertion to this test case.""",BLOCKER,10min,Key: AYfl9r19d9SEFTPV56H0 Path: org.apache.commons_commons-compress:src/test/java/org/apache/commons/compress/harmony/unpack200/tests/ArchiveTest.java - startLine: 111;startOffset: 16;endOffset: 37;endLine: 111,Maintenance (Code Smells)
To-Do,New,Normal,"java:S2699:  ""Add at least one assertion to this test case.""",BLOCKER,10min,Key: AYfl9r19d9SEFTPV56H1 Path: org.apache.commons_commons-compress:src/test/java/org/apache/commons/compress/harmony/unpack200/tests/ArchiveTest.java - startLine: 229;startOffset: 16;endOffset: 35;endLine: 229,Maintenance (Code Smells)
To-Do,New,Normal,"java:S2699:  ""Add at least one assertion to this test case.""",BLOCKER,10min,Key: AYfl9r19d9SEFTPV56H2 Path: org.apache.commons_commons-compress:src/test/java/org/apache/commons/compress/harmony/unpack200/tests/ArchiveTest.java - startLine: 240;startOffset: 16;endOffset: 26;endLine: 240,Maintenance (Code Smells)
To-Do,New,Normal,"java:S2699:  ""Add at least one assertion to this test case.""",BLOCKER,10min,Key: AYfl9r19d9SEFTPV56H3 Path: org.apache.commons_commons-compress:src/test/java/org/apache/commons/compress/harmony/unpack200/tests/ArchiveTest.java - startLine: 251;startOffset: 16;endOffset: 30;endLine: 251,Maintenance (Code Smells)
To-Do,New,Normal,"java:S2699:  ""Add at least one assertion to this test case.""",BLOCKER,10min,Key: AYfl9r19d9SEFTPV56H4 Path: org.apache.commons_commons-compress:src/test/java/org/apache/commons/compress/harmony/unpack200/tests/ArchiveTest.java - startLine: 263;startOffset: 16;endOffset: 34;endLine: 263,Maintenance (Code Smells)
To-Do,New,Normal,"java:S2699:  ""Add at least one assertion to this test case.""",BLOCKER,10min,Key: AYfl9r19d9SEFTPV56H5 Path: org.apache.commons_commons-compress:src/test/java/org/apache/commons/compress/harmony/unpack200/tests/ArchiveTest.java - startLine: 276;startOffset: 16;endOffset: 31;endLine: 276,Maintenance (Code Smells)
To-Do,New,Normal,"java:S2699:  ""Add at least one assertion to this test case.""",BLOCKER,10min,Key: AYfl9r19d9SEFTPV56H6 Path: org.apache.commons_commons-compress:src/test/java/org/apache/commons/compress/harmony/unpack200/tests/ArchiveTest.java - startLine: 287;startOffset: 16;endOffset: 33;endLine: 287,Maintenance (Code Smells)
To-Do,New,Normal,"java:S2699:  ""Add at least one assertion to this test case.""",BLOCKER,10min,Key: AYfl9r19d9SEFTPV56H7 Path: org.apache.commons_commons-compress:src/test/java/org/apache/commons/compress/harmony/unpack200/tests/ArchiveTest.java - startLine: 355;startOffset: 16;endOffset: 29;endLine: 355,Maintenance (Code Smells)
To-Do,New,Normal,"java:S2699:  ""Add at least one assertion to this test case.""",BLOCKER,10min,Key: AYfl9r1Yd9SEFTPV56HJ Path: org.apache.commons_commons-compress:src/test/java/org/apache/commons/compress/harmony/unpack200/tests/BcBandsTest.java - startLine: 350;startOffset: 16;endOffset: 30;endLine: 350,Maintenance (Code Smells)
To-Do,New,Normal,"java:S2699:  ""Add at least one assertion to this test case.""",BLOCKER,10min,Key: AYfl9r1Yd9SEFTPV56HK Path: org.apache.commons_commons-compress:src/test/java/org/apache/commons/compress/harmony/unpack200/tests/BcBandsTest.java - startLine: 356;startOffset: 16;endOffset: 33;endLine: 356,Maintenance (Code Smells)
To-Do,New,Normal,"java:S2699:  ""Add at least one assertion to this test case.""",BLOCKER,10min,Key: AYfl9r1Ld9SEFTPV56G7 Path: org.apache.commons_commons-compress:src/test/java/org/apache/commons/compress/harmony/unpack200/tests/SegmentTest.java - startLine: 106;startOffset: 16;endOffset: 33;endLine: 106,Maintenance (Code Smells)
To-Do,New,Normal,"java:S2699:  ""Add at least one assertion to this test case.""",BLOCKER,10min,Key: AYfl9r1Ld9SEFTPV56G8 Path: org.apache.commons_commons-compress:src/test/java/org/apache/commons/compress/harmony/unpack200/tests/SegmentTest.java - startLine: 116;startOffset: 16;endOffset: 33;endLine: 116,Maintenance (Code Smells)
To-Do,New,Normal,"java:S2699:  ""Add at least one assertion to this test case.""",BLOCKER,10min,Key: AYfl9r4Id9SEFTPV56KT Path: org.apache.commons_commons-compress:src/test/java/org/apache/commons/compress/utils/SeekableInMemoryByteChannelTest.java - startLine: 245;startOffset: 16;endOffset: 77;endLine: 245,Maintenance (Code Smells)
To-Do,New,Normal,"java:S2699:  ""Add at least one assertion to this test case.""",BLOCKER,10min,Key: AYfl9r4Id9SEFTPV56KV Path: org.apache.commons_commons-compress:src/test/java/org/apache/commons/compress/utils/SeekableInMemoryByteChannelTest.java - startLine: 282;startOffset: 16;endOffset: 79;endLine: 282,Maintenance (Code Smells)
To-Do,New,Normal,"java:S2699:  ""Add at least one assertion to this test case.""",BLOCKER,10min,Key: AYfl9r2vd9SEFTPV56I- Path: org.apache.commons_commons-compress:src/test/java/org/apache/commons/compress/harmony/pack200/tests/Compress626Test.java - startLine: 47;startOffset: 13;endOffset: 20;endLine: 47,Maintenance (Code Smells)
To-Do,New,Normal,"java:S2699:  ""Add at least one assertion to this test case.""",BLOCKER,10min,Key: AYfl9r_kd9SEFTPV56Zm Path: org.apache.commons_commons-compress:src/test/java/org/apache/commons/compress/archivers/jar/ExpandApkTest.java - startLine: 40;startOffset: 16;endOffset: 20;endLine: 40,Maintenance (Code Smells)
To-Do,New,Normal,"java:S2699:  ""Add at least one assertion to this test case.""",BLOCKER,10min,Key: AYfl9r1nd9SEFTPV56Hp Path: org.apache.commons_commons-compress:src/test/java/org/apache/commons/compress/harmony/unpack200/tests/Codec_decodeInts_OutOfMemoryErrorTest.java - startLine: 72;startOffset: 16;endOffset: 20;endLine: 72,Maintenance (Code Smells)
To-Do,New,Normal,"java:S2699:  ""Add at least one assertion to this test case.""",BLOCKER,10min,Key: AYfl9r9zd9SEFTPV56UN Path: org.apache.commons_commons-compress:src/test/java/org/apache/commons/compress/archivers/sevenz/SevenZFileTest.java - startLine: 865;startOffset: 16;endOffset: 33;endLine: 865,Maintenance (Code Smells)
To-Do,New,Normal,"java:S2699:  ""Add at least one assertion to this test case.""",BLOCKER,10min,Key: AYfl9r19d9SEFTPV56Hz Path: org.apache.commons_commons-compress:src/test/java/org/apache/commons/compress/harmony/unpack200/tests/ArchiveTest.java - startLine: 74;startOffset: 16;endOffset: 42;endLine: 74,Maintenance (Code Smells)
To-Do,New,Normal,"java:S2699:  ""Add at least one assertion to this test case.""",BLOCKER,10min,Key: AYfl9r0yd9SEFTPV56Go Path: org.apache.commons_commons-compress:src/test/java/org/apache/commons/compress/harmony/unpack200/tests/BandSetTest.java - startLine: 70;startOffset: 16;endOffset: 31;endLine: 70,Maintenance (Code Smells)
To-Do,New,Normal,"java:S2699:  ""Add at least one assertion to this test case.""",BLOCKER,10min,Key: AYfl9r0yd9SEFTPV56Gp Path: org.apache.commons_commons-compress:src/test/java/org/apache/commons/compress/harmony/unpack200/tests/BandSetTest.java - startLine: 76;startOffset: 16;endOffset: 31;endLine: 76,Maintenance (Code Smells)
To-Do,New,Normal,"java:S2699:  ""Add at least one assertion to this test case.""",BLOCKER,10min,Key: AYfl9r0yd9SEFTPV56Gq Path: org.apache.commons_commons-compress:src/test/java/org/apache/commons/compress/harmony/unpack200/tests/BandSetTest.java - startLine: 82;startOffset: 16;endOffset: 31;endLine: 82,Maintenance (Code Smells)
To-Do,New,Normal,"java:S2699:  ""Add at least one assertion to this test case.""",BLOCKER,10min,Key: AYfl9r0yd9SEFTPV56Gr Path: org.apache.commons_commons-compress:src/test/java/org/apache/commons/compress/harmony/unpack200/tests/BandSetTest.java - startLine: 88;startOffset: 16;endOffset: 36;endLine: 88,Maintenance (Code Smells)
To-Do,New,Normal,"java:S2699:  ""Add at least one assertion to this test case.""",BLOCKER,10min,Key: AYfl9r0yd9SEFTPV56Gs Path: org.apache.commons_commons-compress:src/test/java/org/apache/commons/compress/harmony/unpack200/tests/BandSetTest.java - startLine: 94;startOffset: 16;endOffset: 36;endLine: 94,Maintenance (Code Smells)
To-Do,New,Normal,"java:S2699:  ""Add at least one assertion to this test case.""",BLOCKER,10min,Key: AYfl9r-Ud9SEFTPV56VS Path: org.apache.commons_commons-compress:src/test/java/org/apache/commons/compress/archivers/TarTestCase.java - startLine: 415;startOffset: 16;endOffset: 45;endLine: 415,Maintenance (Code Smells)
To-Do,New,Normal,"java:S2699:  ""Add at least one assertion to this test case.""",BLOCKER,10min,Key: AYfl9r8Dd9SEFTPV56Rb Path: org.apache.commons_commons-compress:src/test/java/org/apache/commons/compress/archivers/zip/ZipArchiveInputStreamTest.java - startLine: 662;startOffset: 16;endOffset: 56;endLine: 662,Maintenance (Code Smells)
To-Do,New,Normal,"java:S1845:  ""Rename field widened to prevent any misunderstanding/clash with field WIDENED defined in superclass org.apache.commons.compress.harmony.unpack200.bytecode.forms.ByteCodeForm.""",BLOCKER,10min,Key: AYfl9rZ8d9SEFTPV55tg Path: org.apache.commons_commons-compress:src/main/java/org/apache/commons/compress/harmony/unpack200/bytecode/forms/LabelForm.java - startLine: 28;startOffset: 22;endOffset: 29;endLine: 28,Maintenance (Code Smells)
To-Do,New,Normal,"java:S2699:  ""Add at least one assertion to this test case.""",BLOCKER,10min,Key: AYfl9r4Id9SEFTPV56KU Path: org.apache.commons_commons-compress:src/test/java/org/apache/commons/compress/utils/SeekableInMemoryByteChannelTest.java - startLine: 270;startOffset: 16;endOffset: 73;endLine: 270,Maintenance (Code Smells)
To-Do,New,Normal,"java:S2699:  ""Add at least one assertion to this test case.""",BLOCKER,10min,Key: AYfl9sEed9SEFTPV56dH Path: org.apache.commons_commons-compress:src/test/java/org/apache/commons/compress/compressors/deflate64/Deflate64BugsTest.java - startLine: 31;startOffset: 16;endOffset: 41;endLine: 31,Maintenance (Code Smells)
To-Do,New,Normal,"java:S2699:  ""Add at least one assertion to this test case.""",BLOCKER,10min,Key: AYfl9sIQd9SEFTPV56hq Path: org.apache.commons_commons-compress:src/test/java/org/apache/commons/compress/compressors/brotli/BrotliCompressorInputStreamTest.java - startLine: 106;startOffset: 16;endOffset: 35;endLine: 106,Maintenance (Code Smells)
To-Do,New,Normal,"java:S2699:  ""Add at least one assertion to this test case.""",BLOCKER,10min,Key: AYfl9sFad9SEFTPV56eJ Path: org.apache.commons_commons-compress:src/test/java/org/apache/commons/compress/compressors/DeflateTestCase.java - startLine: 40;startOffset: 16;endOffset: 35;endLine: 40,Maintenance (Code Smells)
To-Do,New,Normal,"java:S2699:  ""Add at least one assertion to this test case.""",BLOCKER,10min,Key: AYfl9sFad9SEFTPV56eK Path: org.apache.commons_commons-compress:src/test/java/org/apache/commons/compress/compressors/DeflateTestCase.java - startLine: 56;startOffset: 16;endOffset: 36;endLine: 56,Maintenance (Code Smells)
To-Do,New,Normal,"java:S2699:  ""Add at least one assertion to this test case.""",BLOCKER,10min,Key: AYfl9sFad9SEFTPV56eM Path: org.apache.commons_commons-compress:src/test/java/org/apache/commons/compress/compressors/DeflateTestCase.java - startLine: 91;startOffset: 16;endOffset: 39;endLine: 91,Maintenance (Code Smells)
To-Do,New,Normal,"java:S2699:  ""Add at least one assertion to this test case.""",BLOCKER,10min,Key: AYfl9sH8d9SEFTPV56hd Path: org.apache.commons_commons-compress:src/test/java/org/apache/commons/compress/compressors/pack200/Pack200UtilsTest.java - startLine: 66;startOffset: 16;endOffset: 36;endLine: 66,Maintenance (Code Smells)
To-Do,New,Normal,"java:S2699:  ""Add at least one assertion to this test case.""",BLOCKER,10min,Key: AYfl9sH8d9SEFTPV56hc Path: org.apache.commons_commons-compress:src/test/java/org/apache/commons/compress/compressors/pack200/Pack200UtilsTest.java - startLine: 36;startOffset: 16;endOffset: 29;endLine: 36,Maintenance (Code Smells)
To-Do,New,Normal,"java:S2699:  ""Add at least one assertion to this test case.""",BLOCKER,10min,Key: AYfl9sDOd9SEFTPV56cH Path: org.apache.commons_commons-compress:src/test/java/org/apache/commons/compress/archivers/DumpTestCase.java - startLine: 77;startOffset: 16;endOffset: 46;endLine: 77,Maintenance (Code Smells)
To-Do,New,Normal,"java:S2699:  ""Add at least one assertion to this test case.""",BLOCKER,10min,Key: AYfl9sDUd9SEFTPV56cQ Path: org.apache.commons_commons-compress:src/test/java/org/apache/commons/compress/archivers/CpioTestCase.java - startLine: 43;startOffset: 16;endOffset: 39;endLine: 43,Maintenance (Code Smells)
To-Do,New,Normal,"java:S2699:  ""Add at least one assertion to this test case.""",BLOCKER,10min,Key: AYfl9sAvd9SEFTPV56ad Path: org.apache.commons_commons-compress:src/test/java/org/apache/commons/compress/archivers/JarTestCase.java - startLine: 76;startOffset: 16;endOffset: 35;endLine: 76,Maintenance (Code Smells)
To-Do,New,Normal,"java:S2699:  ""Add at least one assertion to this test case.""",BLOCKER,10min,Key: AYfl9sC2d9SEFTPV56bn Path: org.apache.commons_commons-compress:src/test/java/org/apache/commons/compress/archivers/ArTestCase.java - startLine: 44;startOffset: 16;endOffset: 37;endLine: 44,Maintenance (Code Smells)
To-Do,New,Normal,"java:S2699:  ""Add at least one assertion to this test case.""",BLOCKER,10min,Key: AYfl9sAud9SEFTPV56ab Path: org.apache.commons_commons-compress:src/test/java/org/apache/commons/compress/archivers/JarTestCase.java - startLine: 33;startOffset: 16;endOffset: 38;endLine: 33,Maintenance (Code Smells)
To-Do,New,Normal,"java:S2699:  ""Add at least one assertion to this test case.""",BLOCKER,10min,Key: AYfl9sAud9SEFTPV56ac Path: org.apache.commons_commons-compress:src/test/java/org/apache/commons/compress/archivers/JarTestCase.java - startLine: 53;startOffset: 16;endOffset: 32;endLine: 53,Maintenance (Code Smells)